-- phpMyAdmin SQL Dump
-- version 4.2.11
-- http://www.phpmyadmin.net
--
-- Servidor: 127.0.0.1
-- Tiempo de generación: 21-04-2015 a las 06:26:33
-- Versión del servidor: 5.6.21
-- Versión de PHP: 5.6.3

SET SQL_MODE = "NO_AUTO_VALUE_ON_ZERO";
SET time_zone = "+00:00";


/*!40101 SET @OLD_CHARACTER_SET_CLIENT=@@CHARACTER_SET_CLIENT */;
/*!40101 SET @OLD_CHARACTER_SET_RESULTS=@@CHARACTER_SET_RESULTS */;
/*!40101 SET @OLD_COLLATION_CONNECTION=@@COLLATION_CONNECTION */;
/*!40101 SET NAMES utf8 */;

--
-- Base de datos: `bdcentrocomputo`
--
CREATE DATABASE IF NOT EXISTS `bdcentrocomputo` DEFAULT CHARACTER SET latin1 COLLATE latin1_swedish_ci;
USE `bdcentrocomputo`;

-- --------------------------------------------------------

--
-- Estructura de tabla para la tabla `docentes`
--

DROP TABLE IF EXISTS `docentes`;
CREATE TABLE IF NOT EXISTS `docentes` (
`id` int(11) NOT NULL,
  `nombre` varchar(30) DEFAULT NULL,
  `ap_paterno` varchar(20) DEFAULT NULL,
  `ap_materno` varchar(20) DEFAULT NULL,
  `n_personal` varchar(12) DEFAULT NULL
) ENGINE=InnoDB AUTO_INCREMENT=34 DEFAULT CHARSET=utf8;

--
-- Volcado de datos para la tabla `docentes`
--

INSERT INTO `docentes` (`id`, `nombre`, `ap_paterno`, `ap_materno`, `n_personal`) VALUES
(1, 'Lizbeth ', 'Hernández ', 'González', NULL),
(2, 'Ma. de los Ángeles', 'Arenas', 'Valdés', NULL),
(3, 'Lorena ', 'Alonso', 'Ramírez', NULL),
(4, 'Edith Ilicet', 'Melgoza', 'Toral', NULL),
(5, 'Gerardo', 'Contreras', 'Vega', NULL),
(6, 'María Silvia', 'García ', 'Ramírez', NULL),
(7, 'Ma. Dolores', 'Vargas', 'Cerdán', NULL),
(8, 'Blanca R.', 'Landa', 'Pensado', NULL),
(9, 'Ramón David', 'Sarmiento', 'Cervantes', NULL),
(10, 'Edgard Iván', 'Benitez', 'Guerrero', NULL),
(11, 'Carlos Alberto', 'Ochoa', NULL, NULL),
(12, 'Karen ', 'Cortés', 'Verdín', NULL),
(13, 'José de Jesús', 'Martínez', NULL, NULL),
(14, 'Ana Luz', 'Polo', 'Estrella', NULL),
(15, 'Patricia de la Luz', 'Carrión', NULL, NULL),
(16, 'Ma. Lina', 'López', 'Martínez', NULL),
(17, 'Víctor', 'Martínez', 'Olivera', NULL),
(18, 'Juana Elisa', 'Escalante', NULL, NULL),
(19, 'Fredy', 'Castañeda', NULL, NULL),
(20, 'Luis Gerardo', 'Montané', NULL, NULL),
(21, 'Martha E.', 'Domínguez', 'Bárcenas', NULL),
(22, 'Ma. Carmen', 'Mezura', 'Godoy', NULL),
(23, 'Ma. de Lourdes', 'Hernández', NULL, NULL),
(24, 'Verónica E.', 'Orozco', 'Ríos', NULL),
(25, 'Alfonso ', 'Sánchez', 'Orea', NULL),
(26, 'Juan Carlos', 'Pérez', 'Arriaga', NULL),
(27, 'Gustavo', 'Balderas', NULL, NULL),
(28, 'Virginia', 'Lagunes', 'Barradas', NULL),
(29, 'Sergio Luis', 'Castillo', 'Valerio', NULL),
(31, 'Jesús Roberto', 'Mendez', NULL, NULL),
(32, 'María ', 'Matus', 'Velasco', NULL),
(33, 'Candy', 'Sosa', NULL, NULL);

-- --------------------------------------------------------

--
-- Estructura de tabla para la tabla `experiencias_educativas`
--

DROP TABLE IF EXISTS `experiencias_educativas`;
CREATE TABLE IF NOT EXISTS `experiencias_educativas` (
`id` int(11) NOT NULL,
  `experiencia_educativa` varchar(40) DEFAULT NULL
) ENGINE=InnoDB AUTO_INCREMENT=27 DEFAULT CHARSET=utf8;

--
-- Volcado de datos para la tabla `experiencias_educativas`
--

INSERT INTO `experiencias_educativas` (`id`, `experiencia_educativa`) VALUES
(1, 'Taller de integración I'),
(4, 'Base de datos I'),
(5, 'Computación básica'),
(6, 'Redes II'),
(7, 'Inteligencia artificial'),
(8, 'Experiencia recepcional'),
(9, 'Programación de sistemas'),
(10, 'Base de datos II'),
(11, 'Multimedia'),
(12, 'Graficación'),
(13, 'Ingeniería de software II'),
(14, 'Algoritmos I'),
(15, 'Arquitectura de computadoras II'),
(16, 'Algoritmos y estructuras de datos II'),
(17, 'Ingeniería de software I'),
(18, 'Ingeniería de software III'),
(19, 'Taller de integración II'),
(20, 'Taller de integración III'),
(21, 'Tópicos selectos de computación I'),
(22, 'Programación avanzada'),
(23, 'Redes I'),
(24, 'Sistemas de información geográfica'),
(25, 'Sistemas de información empresarial'),
(26, 'Fundamentos de administración');

-- --------------------------------------------------------

--
-- Estructura de tabla para la tabla `programas_educativos`
--

DROP TABLE IF EXISTS `programas_educativos`;
CREATE TABLE IF NOT EXISTS `programas_educativos` (
`id` int(11) NOT NULL,
  `programa_educativo` varchar(45) DEFAULT NULL
) ENGINE=InnoDB AUTO_INCREMENT=6 DEFAULT CHARSET=utf8;

--
-- Volcado de datos para la tabla `programas_educativos`
--

INSERT INTO `programas_educativos` (`id`, `programa_educativo`) VALUES
(1, 'Informática'),
(2, 'Ingeniería de software'),
(3, 'Tecnologías computacionales'),
(4, 'Redes y servicios de cómputo'),
(5, 'MSICU');

-- --------------------------------------------------------

--
-- Estructura de tabla para la tabla `salones`
--

DROP TABLE IF EXISTS `salones`;
CREATE TABLE IF NOT EXISTS `salones` (
`id` int(11) NOT NULL,
  `salon` varchar(10) DEFAULT NULL
) ENGINE=InnoDB AUTO_INCREMENT=5 DEFAULT CHARSET=utf8;

--
-- Volcado de datos para la tabla `salones`
--

INSERT INTO `salones` (`id`, `salon`) VALUES
(1, 'CC1'),
(2, 'CC2'),
(3, 'CC3'),
(4, 'CC4');

-- --------------------------------------------------------

--
-- Estructura de tabla para la tabla `tipo_usos`
--

DROP TABLE IF EXISTS `tipo_usos`;
CREATE TABLE IF NOT EXISTS `tipo_usos` (
`id` int(11) NOT NULL,
  `Uso` varchar(15) DEFAULT NULL
) ENGINE=InnoDB AUTO_INCREMENT=7 DEFAULT CHARSET=utf8;

--
-- Volcado de datos para la tabla `tipo_usos`
--

INSERT INTO `tipo_usos` (`id`, `Uso`) VALUES
(1, 'Individual'),
(2, 'Clase'),
(3, 'Taller'),
(4, 'Curso'),
(5, 'Tutoría'),
(6, 'Exámen');

-- --------------------------------------------------------

--
-- Estructura de tabla para la tabla `usos`
--

DROP TABLE IF EXISTS `usos`;
CREATE TABLE IF NOT EXISTS `usos` (
`id` int(11) NOT NULL,
  `fecha` date DEFAULT NULL,
  `programas_educativos_id` int(11) DEFAULT NULL,
  `tipo_usos_id` int(11) NOT NULL,
  `salones_id` int(11) NOT NULL,
  `cantidad_horas` int(11) DEFAULT NULL,
  `cantidad_usuarios` int(11) DEFAULT NULL,
  `matricula` varchar(9) DEFAULT NULL,
  `observaciones` tinytext,
  `horas_servicio` int(11) DEFAULT NULL,
  `hora_entrada` varchar(5) DEFAULT NULL,
  `hora_salida` varchar(5) DEFAULT NULL,
  `docentes_id` int(11) DEFAULT NULL,
  `experiencias_educativas_id` int(11) DEFAULT NULL
) ENGINE=InnoDB AUTO_INCREMENT=1139 DEFAULT CHARSET=big5;

--
-- Volcado de datos para la tabla `usos`
--

INSERT INTO `usos` (`id`, `fecha`, `programas_educativos_id`, `tipo_usos_id`, `salones_id`, `cantidad_horas`, `cantidad_usuarios`, `matricula`, `observaciones`, `horas_servicio`, `hora_entrada`, `hora_salida`, `docentes_id`, `experiencias_educativas_id`) VALUES
(18, '2014-02-10', 1, 2, 1, 2, 21, NULL, NULL, 42, '07:00', '09:00', 1, 1),
(19, '2014-02-10', 1, 2, 1, 2, 21, NULL, NULL, 42, '09:00', '11:00', 8, 19),
(20, '2014-02-10', 1, 2, 1, 2, 21, NULL, NULL, 42, '11:00', '13:00', 7, 1),
(21, '2014-02-10', 1, 2, 1, 2, 21, NULL, NULL, 42, '13:00', '15:00', 6, 5),
(22, '2014-02-10', 1, 2, 2, 2, 30, NULL, NULL, 60, '09:00', '11:00', 10, 7),
(23, '2014-02-10', 1, 2, 2, 2, 30, NULL, NULL, 60, '11:00', '13:00', 8, 8),
(24, '2014-02-10', 1, 2, 2, 2, 30, NULL, NULL, 60, '15:00', '17:00', 6, 5),
(25, '2014-02-10', 1, 2, 2, 2, 30, NULL, NULL, 60, '17:00', '19:00', 13, 9),
(26, '2014-02-10', 1, 2, 2, 1, 30, NULL, NULL, 30, '19:00', '20:00', 14, 4),
(27, '2014-02-10', 1, 2, 3, 2, 35, NULL, NULL, 70, '07:00', '09:00', 19, 17),
(28, '2014-02-10', 1, 2, 3, 2, 35, NULL, NULL, 70, '09:00', '11:00', 2, 19),
(29, '2014-02-10', 1, 2, 3, 2, 35, NULL, NULL, 70, '11:00', '13:00', 20, 21),
(30, '2014-02-10', 1, 2, 3, 2, 35, NULL, NULL, 70, '15:00', '17:00', 29, 7),
(31, '2014-02-17', 1, 2, 1, 2, 21, NULL, NULL, 42, '07:00', '09:00', 1, 1),
(32, '2014-02-17', 1, 2, 1, 2, 21, NULL, NULL, 42, '09:00', '11:00', 8, 19),
(33, '2014-02-17', 1, 2, 1, 2, 21, NULL, NULL, 42, '11:00', '13:00', 7, 1),
(34, '2014-02-17', 1, 2, 1, 2, 21, NULL, NULL, 42, '13:00', '15:00', 6, 5),
(35, '2014-02-17', 1, 2, 2, 2, 30, NULL, NULL, 60, '09:00', '11:00', 10, 7),
(36, '2014-02-17', 1, 2, 2, 2, 30, NULL, NULL, 60, '11:00', '13:00', 8, 8),
(37, '2014-02-17', 1, 2, 2, 2, 30, NULL, NULL, 60, '15:00', '17:00', 6, 5),
(38, '2014-02-17', 1, 2, 2, 2, 30, NULL, NULL, 60, '17:00', '19:00', 13, 9),
(39, '2014-02-17', 1, 2, 2, 1, 30, NULL, NULL, 30, '19:00', '20:00', 14, 4),
(40, '2014-02-17', 1, 2, 3, 2, 35, NULL, NULL, 70, '07:00', '09:00', 19, 17),
(41, '2014-02-17', 1, 2, 3, 2, 35, NULL, NULL, 70, '09:00', '11:00', 2, 19),
(42, '2014-02-17', 1, 2, 3, 2, 35, NULL, NULL, 70, '11:00', '13:00', 20, 21),
(43, '2014-02-17', 1, 2, 3, 2, 35, NULL, NULL, 70, '15:00', '17:00', 29, 7),
(44, '2014-02-24', 1, 2, 1, 2, 21, NULL, NULL, 42, '07:00', '09:00', 1, 1),
(45, '2014-02-24', 1, 2, 1, 2, 21, NULL, NULL, 42, '09:00', '11:00', 8, 19),
(46, '2014-02-24', 1, 2, 1, 2, 21, NULL, NULL, 42, '11:00', '13:00', 7, 1),
(47, '2014-02-24', 1, 2, 1, 2, 21, NULL, NULL, 42, '13:00', '15:00', 6, 5),
(48, '2014-02-24', 1, 2, 2, 2, 30, NULL, NULL, 60, '09:00', '11:00', 10, 7),
(49, '2014-02-24', 1, 2, 2, 2, 30, NULL, NULL, 60, '11:00', '13:00', 8, 8),
(50, '2014-02-24', 1, 2, 2, 2, 30, NULL, NULL, 60, '15:00', '17:00', 6, 5),
(51, '2014-02-24', 1, 2, 2, 2, 30, NULL, NULL, 60, '17:00', '19:00', 13, 9),
(52, '2014-02-24', 1, 2, 2, 1, 30, NULL, NULL, 30, '19:00', '20:00', 14, 4),
(53, '2014-02-24', 1, 2, 3, 2, 35, NULL, NULL, 70, '07:00', '09:00', 19, 17),
(54, '2014-02-24', 1, 2, 3, 2, 35, NULL, NULL, 70, '09:00', '11:00', 2, 19),
(55, '2014-02-24', 1, 2, 3, 2, 35, NULL, NULL, 70, '11:00', '13:00', 20, 21),
(56, '2014-02-24', 1, 2, 3, 2, 35, NULL, NULL, 70, '15:00', '17:00', 29, 7),
(57, '2014-03-10', 1, 2, 1, 2, 21, NULL, NULL, 42, '07:00', '09:00', 1, 1),
(58, '2014-03-10', 1, 2, 1, 2, 21, NULL, NULL, 42, '09:00', '11:00', 8, 19),
(59, '2014-03-10', 1, 2, 1, 2, 21, NULL, NULL, 42, '11:00', '13:00', 7, 1),
(60, '2014-03-10', 1, 2, 1, 2, 21, NULL, NULL, 42, '13:00', '15:00', 6, 5),
(61, '2014-03-10', 1, 2, 2, 2, 30, NULL, NULL, 60, '09:00', '11:00', 10, 7),
(62, '2014-03-10', 1, 2, 2, 2, 30, NULL, NULL, 60, '11:00', '13:00', 8, 8),
(63, '2014-03-10', 1, 2, 2, 2, 30, NULL, NULL, 60, '15:00', '17:00', 6, 5),
(64, '2014-03-10', 1, 2, 2, 2, 30, NULL, NULL, 60, '17:00', '19:00', 13, 9),
(65, '2014-03-10', 1, 2, 2, 1, 30, NULL, NULL, 30, '19:00', '20:00', 14, 4),
(66, '2014-03-10', 1, 2, 3, 2, 35, NULL, NULL, 70, '07:00', '09:00', 19, 17),
(67, '2014-03-10', 1, 2, 3, 2, 35, NULL, NULL, 70, '09:00', '11:00', 2, 19),
(68, '2014-03-10', 1, 2, 3, 2, 35, NULL, NULL, 70, '11:00', '13:00', 20, 21),
(69, '2014-03-10', 1, 2, 3, 2, 35, NULL, NULL, 70, '15:00', '17:00', 29, 7),
(70, '2014-03-24', 1, 2, 1, 2, 21, NULL, NULL, 42, '07:00', '09:00', 1, 1),
(71, '2014-03-24', 1, 2, 1, 2, 21, NULL, NULL, 42, '09:00', '11:00', 8, 19),
(72, '2014-03-24', 1, 2, 1, 2, 21, NULL, NULL, 42, '11:00', '13:00', 7, 1),
(73, '2014-03-24', 1, 2, 1, 2, 21, NULL, NULL, 42, '13:00', '15:00', 6, 5),
(74, '2014-03-24', 1, 2, 2, 2, 30, NULL, NULL, 60, '09:00', '11:00', 10, 7),
(75, '2014-03-24', 1, 2, 2, 2, 30, NULL, NULL, 60, '11:00', '13:00', 8, 8),
(76, '2014-03-24', 1, 2, 2, 2, 30, NULL, NULL, 60, '15:00', '17:00', 6, 5),
(77, '2014-03-24', 1, 2, 2, 2, 30, NULL, NULL, 60, '17:00', '19:00', 13, 9),
(78, '2014-03-24', 1, 2, 2, 1, 30, NULL, NULL, 30, '19:00', '20:00', 14, 4),
(79, '2014-03-24', 1, 2, 3, 2, 35, NULL, NULL, 70, '07:00', '09:00', 19, 17),
(80, '2014-03-24', 1, 2, 3, 2, 35, NULL, NULL, 70, '09:00', '11:00', 2, 19),
(81, '2014-03-24', 1, 2, 3, 2, 35, NULL, NULL, 70, '11:00', '13:00', 20, 21),
(82, '2014-03-24', 1, 2, 3, 2, 35, NULL, NULL, 70, '15:00', '17:00', 29, 7),
(83, '2014-03-31', 1, 2, 1, 2, 21, NULL, NULL, 42, '07:00', '09:00', 1, 1),
(84, '2014-03-31', 1, 2, 1, 2, 21, NULL, NULL, 42, '09:00', '11:00', 8, 19),
(85, '2014-03-31', 1, 2, 1, 2, 21, NULL, NULL, 42, '11:00', '13:00', 7, 1),
(86, '2014-03-31', 1, 2, 1, 2, 21, NULL, NULL, 42, '13:00', '15:00', 6, 5),
(87, '2014-03-31', 1, 2, 2, 2, 30, NULL, NULL, 60, '09:00', '11:00', 10, 7),
(88, '2014-03-31', 1, 2, 2, 2, 30, NULL, NULL, 60, '11:00', '13:00', 8, 8),
(89, '2014-03-31', 1, 2, 2, 2, 30, NULL, NULL, 60, '15:00', '17:00', 6, 5),
(90, '2014-03-31', 1, 2, 2, 2, 30, NULL, NULL, 60, '17:00', '19:00', 13, 9),
(91, '2014-03-31', 1, 2, 2, 1, 30, NULL, NULL, 30, '19:00', '20:00', 14, 4),
(92, '2014-03-31', 1, 2, 3, 2, 35, NULL, NULL, 70, '07:00', '09:00', 19, 17),
(93, '2014-03-31', 1, 2, 3, 2, 35, NULL, NULL, 70, '09:00', '11:00', 2, 19),
(94, '2014-03-31', 1, 2, 3, 2, 35, NULL, NULL, 70, '11:00', '13:00', 20, 21),
(95, '2014-03-31', 1, 2, 3, 2, 35, NULL, NULL, 70, '15:00', '17:00', 29, 7),
(96, '2014-04-07', 1, 2, 1, 2, 21, NULL, NULL, 42, '07:00', '09:00', 1, 1),
(97, '2014-04-07', 1, 2, 1, 2, 21, NULL, NULL, 42, '09:00', '11:00', 8, 19),
(98, '2014-04-07', 1, 2, 1, 2, 21, NULL, NULL, 42, '11:00', '13:00', 7, 1),
(99, '2014-04-07', 1, 2, 1, 2, 21, NULL, NULL, 42, '13:00', '15:00', 6, 5),
(100, '2014-04-07', 1, 2, 2, 2, 30, NULL, NULL, 60, '09:00', '11:00', 10, 7),
(101, '2014-04-07', 1, 2, 2, 2, 30, NULL, NULL, 60, '11:00', '13:00', 8, 8),
(102, '2014-04-07', 1, 2, 2, 2, 30, NULL, NULL, 60, '15:00', '17:00', 6, 5),
(103, '2014-04-07', 1, 2, 2, 2, 30, NULL, NULL, 60, '17:00', '19:00', 13, 9),
(104, '2014-04-07', 1, 2, 2, 1, 30, NULL, NULL, 30, '19:00', '20:00', 14, 4),
(105, '2014-04-07', 1, 2, 3, 2, 35, NULL, NULL, 70, '07:00', '09:00', 19, 17),
(106, '2014-04-07', 1, 2, 3, 2, 35, NULL, NULL, 70, '09:00', '11:00', 2, 19),
(107, '2014-04-07', 1, 2, 3, 2, 35, NULL, NULL, 70, '11:00', '13:00', 20, 21),
(108, '2014-04-07', 1, 2, 3, 2, 35, NULL, NULL, 70, '15:00', '17:00', 29, 7),
(109, '2014-04-21', 1, 2, 1, 2, 21, NULL, NULL, 42, '07:00', '09:00', 1, 1),
(110, '2014-04-21', 1, 2, 1, 2, 21, NULL, NULL, 42, '09:00', '11:00', 8, 19),
(111, '2014-04-21', 1, 2, 1, 2, 21, NULL, NULL, 42, '11:00', '13:00', 7, 1),
(112, '2014-04-21', 1, 2, 1, 2, 21, NULL, NULL, 42, '13:00', '15:00', 6, 5),
(113, '2014-04-21', 1, 2, 2, 2, 30, NULL, NULL, 60, '09:00', '11:00', 10, 7),
(114, '2014-04-21', 1, 2, 2, 2, 30, NULL, NULL, 60, '11:00', '13:00', 8, 8),
(115, '2014-04-21', 1, 2, 2, 2, 30, NULL, NULL, 60, '15:00', '17:00', 6, 5),
(116, '2014-04-21', 1, 2, 2, 2, 30, NULL, NULL, 60, '17:00', '19:00', 13, 9),
(117, '2014-04-21', 1, 2, 2, 1, 30, NULL, NULL, 30, '19:00', '20:00', 14, 4),
(118, '2014-04-21', 1, 2, 3, 2, 35, NULL, NULL, 70, '07:00', '09:00', 19, 17),
(119, '2014-04-21', 1, 2, 3, 2, 35, NULL, NULL, 70, '09:00', '11:00', 2, 19),
(120, '2014-04-21', 1, 2, 3, 2, 35, NULL, NULL, 70, '11:00', '13:00', 20, 21),
(121, '2014-04-21', 1, 2, 3, 2, 35, NULL, NULL, 70, '15:00', '17:00', 29, 7),
(122, '2014-04-28', 1, 2, 1, 2, 21, NULL, NULL, 42, '07:00', '09:00', 1, 1),
(123, '2014-04-28', 1, 2, 1, 2, 21, NULL, NULL, 42, '09:00', '11:00', 8, 19),
(124, '2014-04-28', 1, 2, 1, 2, 21, NULL, NULL, 42, '11:00', '13:00', 7, 1),
(125, '2014-04-28', 1, 2, 1, 2, 21, NULL, NULL, 42, '13:00', '15:00', 6, 5),
(126, '2014-04-28', 1, 2, 2, 2, 30, NULL, NULL, 60, '09:00', '11:00', 10, 7),
(127, '2014-04-28', 1, 2, 2, 2, 30, NULL, NULL, 60, '11:00', '13:00', 8, 8),
(128, '2014-04-28', 1, 2, 2, 2, 30, NULL, NULL, 60, '15:00', '17:00', 6, 5),
(129, '2014-04-28', 1, 2, 2, 2, 30, NULL, NULL, 60, '17:00', '19:00', 13, 9),
(130, '2014-04-28', 1, 2, 2, 1, 30, NULL, NULL, 30, '19:00', '20:00', 14, 4),
(131, '2014-04-28', 1, 2, 3, 2, 35, NULL, NULL, 70, '07:00', '09:00', 19, 17),
(132, '2014-04-28', 1, 2, 3, 2, 35, NULL, NULL, 70, '09:00', '11:00', 2, 19),
(133, '2014-04-28', 1, 2, 3, 2, 35, NULL, NULL, 70, '11:00', '13:00', 20, 21),
(134, '2014-04-28', 1, 2, 3, 2, 35, NULL, NULL, 70, '15:00', '17:00', 29, 7),
(135, '2014-05-05', 1, 2, 1, 2, 21, NULL, NULL, 42, '07:00', '09:00', 1, 1),
(136, '2014-05-05', 1, 2, 1, 2, 21, NULL, NULL, 42, '09:00', '11:00', 8, 19),
(137, '2014-05-05', 1, 2, 1, 2, 21, NULL, NULL, 42, '11:00', '13:00', 7, 1),
(138, '2014-05-05', 1, 2, 1, 2, 21, NULL, NULL, 42, '13:00', '15:00', 6, 5),
(139, '2014-05-05', 1, 2, 2, 2, 30, NULL, NULL, 60, '09:00', '11:00', 10, 7),
(140, '2014-05-05', 1, 2, 2, 2, 30, NULL, NULL, 60, '11:00', '13:00', 8, 8),
(141, '2014-05-05', 1, 2, 2, 2, 30, NULL, NULL, 60, '15:00', '17:00', 6, 5),
(142, '2014-05-05', 1, 2, 2, 2, 30, NULL, NULL, 60, '17:00', '19:00', 13, 9),
(143, '2014-05-05', 1, 2, 2, 1, 30, NULL, NULL, 30, '19:00', '20:00', 14, 4),
(144, '2014-05-05', 1, 2, 3, 2, 35, NULL, NULL, 70, '07:00', '09:00', 19, 17),
(145, '2014-05-05', 1, 2, 3, 2, 35, NULL, NULL, 70, '09:00', '11:00', 2, 19),
(146, '2014-05-05', 1, 2, 3, 2, 35, NULL, NULL, 70, '11:00', '13:00', 20, 21),
(147, '2014-05-05', 1, 2, 3, 2, 35, NULL, NULL, 70, '15:00', '17:00', 29, 7),
(148, '2014-05-12', 1, 2, 1, 2, 21, NULL, NULL, 42, '07:00', '09:00', 1, 1),
(149, '2014-05-12', 1, 2, 1, 2, 21, NULL, NULL, 42, '09:00', '11:00', 8, 19),
(150, '2014-05-12', 1, 2, 1, 2, 21, NULL, NULL, 42, '11:00', '13:00', 7, 1),
(151, '2014-05-12', 1, 2, 1, 2, 21, NULL, NULL, 42, '13:00', '15:00', 6, 5),
(152, '2014-05-12', 1, 2, 2, 2, 30, NULL, NULL, 60, '09:00', '11:00', 10, 7),
(153, '2014-05-12', 1, 2, 2, 2, 30, NULL, NULL, 60, '11:00', '13:00', 8, 8),
(154, '2014-05-12', 1, 2, 2, 2, 30, NULL, NULL, 60, '15:00', '17:00', 6, 5),
(155, '2014-05-12', 1, 2, 2, 2, 30, NULL, NULL, 60, '17:00', '19:00', 13, 9),
(156, '2014-05-12', 1, 2, 2, 1, 30, NULL, NULL, 30, '19:00', '20:00', 14, 4),
(157, '2014-05-12', 1, 2, 3, 2, 35, NULL, NULL, 70, '07:00', '09:00', 19, 17),
(158, '2014-05-12', 1, 2, 3, 2, 35, NULL, NULL, 70, '09:00', '11:00', 2, 19),
(159, '2014-05-12', 1, 2, 3, 2, 35, NULL, NULL, 70, '11:00', '13:00', 20, 21),
(160, '2014-05-12', 1, 2, 3, 2, 35, NULL, NULL, 70, '15:00', '17:00', 29, 7),
(161, '2014-05-19', 1, 2, 1, 2, 21, NULL, NULL, 42, '07:00', '09:00', 1, 1),
(162, '2014-05-19', 1, 2, 1, 2, 21, NULL, NULL, 42, '09:00', '11:00', 8, 19),
(163, '2014-05-19', 1, 2, 1, 2, 21, NULL, NULL, 42, '11:00', '13:00', 7, 1),
(164, '2014-05-19', 1, 2, 1, 2, 21, NULL, NULL, 42, '13:00', '15:00', 6, 5),
(165, '2014-05-19', 1, 2, 2, 2, 30, NULL, NULL, 60, '09:00', '11:00', 10, 7),
(166, '2014-05-19', 1, 2, 2, 2, 30, NULL, NULL, 60, '11:00', '13:00', 8, 8),
(167, '2014-05-19', 1, 2, 2, 2, 30, NULL, NULL, 60, '15:00', '17:00', 6, 5),
(168, '2014-05-19', 1, 2, 2, 2, 30, NULL, NULL, 60, '17:00', '19:00', 13, 9),
(169, '2014-05-19', 1, 2, 2, 1, 30, NULL, NULL, 30, '19:00', '20:00', 14, 4),
(170, '2014-05-19', 1, 2, 3, 2, 35, NULL, NULL, 70, '07:00', '09:00', 19, 17),
(171, '2014-05-19', 1, 2, 3, 2, 35, NULL, NULL, 70, '09:00', '11:00', 2, 19),
(172, '2014-05-19', 1, 2, 3, 2, 35, NULL, NULL, 70, '11:00', '13:00', 20, 21),
(173, '2014-05-19', 1, 2, 3, 2, 35, NULL, NULL, 70, '15:00', '17:00', 29, 7),
(174, '2014-05-26', 1, 2, 1, 2, 21, NULL, NULL, 42, '07:00', '09:00', 1, 1),
(175, '2014-05-26', 1, 2, 1, 2, 21, NULL, NULL, 42, '09:00', '11:00', 8, 19),
(176, '2014-05-26', 1, 2, 1, 2, 21, NULL, NULL, 42, '11:00', '13:00', 7, 1),
(177, '2014-05-26', 1, 2, 1, 2, 21, NULL, NULL, 42, '13:00', '15:00', 6, 5),
(178, '2014-05-26', 1, 2, 2, 2, 30, NULL, NULL, 60, '09:00', '11:00', 10, 7),
(179, '2014-05-26', 1, 2, 2, 2, 30, NULL, NULL, 60, '11:00', '13:00', 8, 8),
(180, '2014-05-26', 1, 2, 2, 2, 30, NULL, NULL, 60, '15:00', '17:00', 6, 5),
(181, '2014-05-26', 1, 2, 2, 2, 30, NULL, NULL, 60, '17:00', '19:00', 13, 9),
(182, '2014-05-26', 1, 2, 2, 1, 30, NULL, NULL, 30, '19:00', '20:00', 14, 4),
(183, '2014-05-26', 1, 2, 3, 2, 35, NULL, NULL, 70, '07:00', '09:00', 19, 17),
(184, '2014-05-26', 1, 2, 3, 2, 35, NULL, NULL, 70, '09:00', '11:00', 2, 19),
(185, '2014-05-26', 1, 2, 3, 2, 35, NULL, NULL, 70, '11:00', '13:00', 20, 21),
(186, '2014-05-26', 1, 2, 3, 2, 35, NULL, NULL, 70, '15:00', '17:00', 29, 7),
(187, '2014-02-04', 1, 2, 1, 2, 21, NULL, NULL, 42, '07:00', '09:00', 8, 19),
(188, '2014-02-04', 1, 2, 1, 2, 21, NULL, NULL, 42, '11:00', '13:00', 2, 1),
(189, '2014-02-04', 1, 2, 1, 2, 21, NULL, NULL, 42, '13:00', '15:00', 6, 5),
(190, '2014-02-04', 1, 2, 1, 2, 21, NULL, NULL, 42, '17:00', '19:00', 9, 20),
(191, '2014-02-04', 1, 2, 2, 3, 30, NULL, NULL, 90, '07:00', '09:00', 16, 4),
(192, '2014-02-04', 1, 2, 2, 1, 30, NULL, NULL, 30, '10:00', '11:00', 15, 10),
(193, '2014-02-04', 1, 2, 2, 1, 30, NULL, NULL, 30, '20:00', '21:00', 1, 19),
(194, '2014-02-04', 1, 2, 3, 1, 35, NULL, NULL, 35, '10:00', '11:00', 1, 20),
(196, '2014-02-04', 1, 2, 3, 2, 35, NULL, NULL, 70, '18:00', '20:00', 27, 15),
(197, '2014-02-04', 1, 2, 4, 2, 18, NULL, NULL, 36, '11:00', '13:00', 1, 18),
(198, '2014-02-11', 1, 2, 1, 2, 21, NULL, NULL, 42, '07:00', '09:00', 8, 19),
(199, '2014-02-11', 1, 2, 1, 2, 21, NULL, NULL, 42, '11:00', '13:00', 2, 1),
(200, '2014-02-11', 1, 2, 1, 2, 21, NULL, NULL, 42, '13:00', '15:00', 6, 5),
(201, '2014-02-11', 1, 2, 1, 2, 21, NULL, NULL, 42, '17:00', '19:00', 9, 20),
(202, '2014-02-11', 1, 2, 2, 3, 30, NULL, NULL, 90, '07:00', '09:00', 16, 4),
(203, '2014-02-11', 1, 2, 2, 1, 30, NULL, NULL, 30, '10:00', '11:00', 15, 10),
(204, '2014-02-11', 1, 2, 2, 1, 30, NULL, NULL, 30, '20:00', '21:00', 1, 19),
(205, '2014-02-11', 1, 2, 3, 1, 35, NULL, NULL, 35, '10:00', '11:00', 1, 20),
(207, '2014-02-11', 1, 2, 3, 2, 35, NULL, NULL, 70, '18:00', '20:00', 27, 15),
(208, '2014-02-11', 1, 2, 4, 2, 18, NULL, NULL, 36, '11:00', '13:00', 1, 18),
(209, '2014-02-18', 1, 2, 1, 2, 21, NULL, NULL, 42, '07:00', '09:00', 8, 19),
(210, '2014-02-18', 1, 2, 1, 2, 21, NULL, NULL, 42, '11:00', '13:00', 2, 1),
(211, '2014-02-18', 1, 2, 1, 2, 21, NULL, NULL, 42, '13:00', '15:00', 6, 5),
(212, '2014-02-18', 1, 2, 1, 2, 21, NULL, NULL, 42, '17:00', '19:00', 9, 20),
(213, '2014-02-18', 1, 2, 2, 3, 30, NULL, NULL, 90, '07:00', '09:00', 16, 4),
(214, '2014-02-18', 1, 2, 2, 1, 30, NULL, NULL, 30, '10:00', '11:00', 15, 10),
(215, '2014-02-18', 1, 2, 2, 1, 30, NULL, NULL, 30, '20:00', '21:00', 1, 19),
(216, '2014-02-18', 1, 2, 3, 1, 35, NULL, NULL, 35, '10:00', '11:00', 1, 20),
(218, '2014-02-18', 1, 2, 3, 2, 35, NULL, NULL, 70, '18:00', '20:00', 27, 15),
(219, '2014-02-18', 1, 2, 4, 2, 18, NULL, NULL, 36, '11:00', '13:00', 1, 18),
(220, '2014-03-11', 1, 2, 1, 2, 21, NULL, NULL, 42, '07:00', '09:00', 8, 19),
(221, '2014-03-11', 1, 2, 1, 2, 21, NULL, NULL, 42, '11:00', '13:00', 2, 1),
(222, '2014-03-11', 1, 2, 1, 2, 21, NULL, NULL, 42, '13:00', '15:00', 6, 5),
(223, '2014-03-11', 1, 2, 1, 2, 21, NULL, NULL, 42, '17:00', '19:00', 9, 20),
(224, '2014-03-11', 1, 2, 2, 3, 30, NULL, NULL, 90, '07:00', '09:00', 16, 4),
(225, '2014-03-11', 1, 2, 2, 1, 30, NULL, NULL, 30, '10:00', '11:00', 15, 10),
(226, '2014-03-11', 1, 2, 2, 1, 30, NULL, NULL, 30, '20:00', '21:00', 1, 19),
(227, '2014-03-11', 1, 2, 3, 1, 35, NULL, NULL, 35, '10:00', '11:00', 1, 20),
(229, '2014-03-11', 1, 2, 3, 2, 35, NULL, NULL, 70, '18:00', '20:00', 27, 15),
(230, '2014-03-11', 1, 2, 4, 2, 18, NULL, NULL, 36, '11:00', '13:00', 1, 18),
(231, '2014-03-15', 1, 2, 1, 2, 21, NULL, NULL, 42, '07:00', '09:00', 8, 19),
(232, '2014-03-15', 1, 2, 1, 2, 21, NULL, NULL, 42, '11:00', '13:00', 2, 1),
(233, '2014-03-15', 1, 2, 1, 2, 21, NULL, NULL, 42, '13:00', '15:00', 6, 5),
(234, '2014-03-15', 1, 2, 1, 2, 21, NULL, NULL, 42, '17:00', '19:00', 9, 20),
(235, '2014-03-15', 1, 2, 2, 3, 30, NULL, NULL, 90, '07:00', '09:00', 16, 4),
(236, '2014-03-15', 1, 2, 2, 1, 30, NULL, NULL, 30, '10:00', '11:00', 15, 10),
(237, '2014-03-15', 1, 2, 2, 1, 30, NULL, NULL, 30, '20:00', '21:00', 1, 19),
(238, '2014-03-15', 1, 2, 3, 1, 35, NULL, NULL, 35, '10:00', '11:00', 1, 20),
(240, '2014-03-15', 1, 2, 3, 2, 35, NULL, NULL, 70, '18:00', '20:00', 27, 15),
(241, '2014-03-15', 1, 2, 4, 2, 18, NULL, NULL, 36, '11:00', '13:00', 1, 18),
(242, '2014-04-01', 1, 2, 1, 2, 21, NULL, NULL, 42, '07:00', '09:00', 8, 19),
(243, '2014-04-01', 1, 2, 1, 2, 21, NULL, NULL, 42, '11:00', '13:00', 2, 1),
(244, '2014-04-01', 1, 2, 1, 2, 21, NULL, NULL, 42, '13:00', '15:00', 6, 5),
(245, '2014-04-01', 1, 2, 1, 2, 21, NULL, NULL, 42, '17:00', '19:00', 9, 20),
(246, '2014-04-01', 1, 2, 2, 3, 30, NULL, NULL, 90, '07:00', '09:00', 16, 4),
(247, '2014-04-01', 1, 2, 2, 1, 30, NULL, NULL, 30, '10:00', '11:00', 15, 10),
(248, '2014-04-01', 1, 2, 2, 1, 30, NULL, NULL, 30, '20:00', '21:00', 1, 19),
(249, '2014-04-01', 1, 2, 3, 1, 35, NULL, NULL, 35, '10:00', '11:00', 1, 20),
(251, '2014-04-01', 1, 2, 3, 2, 35, NULL, NULL, 70, '18:00', '20:00', 27, 15),
(252, '2014-04-01', 1, 2, 4, 2, 18, NULL, NULL, 36, '11:00', '13:00', 1, 18),
(253, '2014-04-08', 1, 2, 1, 2, 21, NULL, NULL, 42, '07:00', '09:00', 8, 19),
(254, '2014-04-08', 1, 2, 1, 2, 21, NULL, NULL, 42, '11:00', '13:00', 2, 1),
(255, '2014-04-08', 1, 2, 1, 2, 21, NULL, NULL, 42, '13:00', '15:00', 6, 5),
(256, '2014-04-08', 1, 2, 1, 2, 21, NULL, NULL, 42, '17:00', '19:00', 9, 20),
(257, '2014-04-08', 1, 2, 2, 3, 30, NULL, NULL, 90, '07:00', '09:00', 16, 4),
(258, '2014-04-08', 1, 2, 2, 1, 30, NULL, NULL, 30, '10:00', '11:00', 15, 10),
(259, '2014-04-08', 1, 2, 2, 1, 30, NULL, NULL, 30, '20:00', '21:00', 1, 19),
(260, '2014-04-08', 1, 2, 3, 1, 35, NULL, NULL, 35, '10:00', '11:00', 1, 20),
(262, '2014-04-08', 1, 2, 3, 2, 35, NULL, NULL, 70, '18:00', '20:00', 27, 15),
(263, '2014-04-08', 1, 2, 4, 2, 18, NULL, NULL, 36, '11:00', '13:00', 1, 18),
(264, '2014-04-22', 1, 2, 1, 2, 21, NULL, NULL, 42, '07:00', '09:00', 8, 19),
(265, '2014-04-22', 1, 2, 1, 2, 21, NULL, NULL, 42, '11:00', '13:00', 2, 1),
(266, '2014-04-22', 1, 2, 1, 2, 21, NULL, NULL, 42, '13:00', '15:00', 6, 5),
(267, '2014-04-22', 1, 2, 1, 2, 21, NULL, NULL, 42, '17:00', '19:00', 9, 20),
(268, '2014-04-22', 1, 2, 2, 3, 30, NULL, NULL, 90, '07:00', '09:00', 16, 4),
(269, '2014-04-22', 1, 2, 2, 1, 30, NULL, NULL, 30, '10:00', '11:00', 15, 10),
(270, '2014-04-22', 1, 2, 2, 1, 30, NULL, NULL, 30, '20:00', '21:00', 1, 19),
(271, '2014-04-22', 1, 2, 3, 1, 35, NULL, NULL, 35, '10:00', '11:00', 1, 20),
(273, '2014-04-22', 1, 2, 3, 2, 35, NULL, NULL, 70, '18:00', '20:00', 27, 15),
(274, '2014-04-22', 1, 2, 4, 2, 18, NULL, NULL, 36, '11:00', '13:00', 1, 18),
(275, '2014-04-29', 1, 2, 1, 2, 21, NULL, NULL, 42, '07:00', '09:00', 8, 19),
(276, '2014-04-29', 1, 2, 1, 2, 21, NULL, NULL, 42, '11:00', '13:00', 2, 1),
(277, '2014-04-29', 1, 2, 1, 2, 21, NULL, NULL, 42, '13:00', '15:00', 6, 5),
(278, '2014-04-29', 1, 2, 1, 2, 21, NULL, NULL, 42, '17:00', '19:00', 9, 20),
(279, '2014-04-29', 1, 2, 2, 3, 30, NULL, NULL, 90, '07:00', '09:00', 16, 4),
(280, '2014-04-29', 1, 2, 2, 1, 30, NULL, NULL, 30, '10:00', '11:00', 15, 10),
(281, '2014-04-29', 1, 2, 2, 1, 30, NULL, NULL, 30, '20:00', '21:00', 1, 19),
(282, '2014-04-29', 1, 2, 3, 1, 35, NULL, NULL, 35, '10:00', '11:00', 1, 20),
(284, '2014-04-29', 1, 2, 3, 2, 35, NULL, NULL, 70, '18:00', '20:00', 27, 15),
(285, '2014-04-29', 1, 2, 4, 2, 18, NULL, NULL, 36, '11:00', '13:00', 1, 18),
(286, '2014-05-06', 1, 2, 1, 2, 21, NULL, NULL, 42, '07:00', '09:00', 8, 19),
(287, '2014-05-06', 1, 2, 1, 2, 21, NULL, NULL, 42, '11:00', '13:00', 2, 1),
(288, '2014-05-06', 1, 2, 1, 2, 21, NULL, NULL, 42, '13:00', '15:00', 6, 5),
(289, '2014-05-06', 1, 2, 1, 2, 21, NULL, NULL, 42, '17:00', '19:00', 9, 20),
(290, '2014-05-06', 1, 2, 2, 3, 30, NULL, NULL, 90, '07:00', '09:00', 16, 4),
(291, '2014-05-06', 1, 2, 2, 1, 30, NULL, NULL, 30, '10:00', '11:00', 15, 10),
(292, '2014-05-06', 1, 2, 2, 1, 30, NULL, NULL, 30, '20:00', '21:00', 1, 19),
(293, '2014-05-06', 1, 2, 3, 1, 35, NULL, NULL, 35, '10:00', '11:00', 1, 20),
(295, '2014-05-06', 1, 2, 3, 2, 35, NULL, NULL, 70, '18:00', '20:00', 27, 15),
(296, '2014-05-06', 1, 2, 4, 2, 18, NULL, NULL, 36, '11:00', '13:00', 1, 18),
(297, '2014-05-13', 1, 2, 1, 2, 21, NULL, NULL, 42, '07:00', '09:00', 8, 19),
(298, '2014-05-13', 1, 2, 1, 2, 21, NULL, NULL, 42, '11:00', '13:00', 2, 1),
(299, '2014-05-13', 1, 2, 1, 2, 21, NULL, NULL, 42, '13:00', '15:00', 6, 5),
(300, '2014-05-13', 1, 2, 1, 2, 21, NULL, NULL, 42, '17:00', '19:00', 9, 20),
(301, '2014-05-13', 1, 2, 2, 3, 30, NULL, NULL, 90, '07:00', '09:00', 16, 4),
(302, '2014-05-13', 1, 2, 2, 1, 30, NULL, NULL, 30, '10:00', '11:00', 15, 10),
(303, '2014-05-13', 1, 2, 2, 1, 30, NULL, NULL, 30, '20:00', '21:00', 1, 19),
(304, '2014-05-13', 1, 2, 3, 1, 35, NULL, NULL, 35, '10:00', '11:00', 1, 20),
(306, '2014-05-13', 1, 2, 3, 2, 35, NULL, NULL, 70, '18:00', '20:00', 27, 15),
(307, '2014-05-13', 1, 2, 4, 2, 18, NULL, NULL, 36, '11:00', '13:00', 1, 18),
(308, '2014-05-20', 1, 2, 1, 2, 21, NULL, NULL, 42, '07:00', '09:00', 8, 19),
(309, '2014-05-20', 1, 2, 1, 2, 21, NULL, NULL, 42, '11:00', '13:00', 2, 1),
(310, '2014-05-20', 1, 2, 1, 2, 21, NULL, NULL, 42, '13:00', '15:00', 6, 5),
(311, '2014-05-20', 1, 2, 1, 2, 21, NULL, NULL, 42, '17:00', '19:00', 9, 20),
(312, '2014-05-20', 1, 2, 2, 3, 30, NULL, NULL, 90, '07:00', '09:00', 16, 4),
(313, '2014-05-20', 1, 2, 2, 1, 30, NULL, NULL, 30, '10:00', '11:00', 15, 10),
(314, '2014-05-20', 1, 2, 2, 1, 30, NULL, NULL, 30, '20:00', '21:00', 1, 19),
(315, '2014-05-20', 1, 2, 3, 1, 35, NULL, NULL, 35, '10:00', '11:00', 1, 20),
(317, '2014-05-20', 1, 2, 3, 2, 35, NULL, NULL, 70, '18:00', '20:00', 27, 15),
(318, '2014-05-20', 1, 2, 4, 2, 18, NULL, NULL, 36, '11:00', '13:00', 1, 18),
(319, '2014-05-27', 1, 2, 1, 2, 21, NULL, NULL, 42, '07:00', '09:00', 8, 19),
(320, '2014-05-27', 1, 2, 1, 2, 21, NULL, NULL, 42, '11:00', '13:00', 2, 1),
(321, '2014-05-27', 1, 2, 1, 2, 21, NULL, NULL, 42, '13:00', '15:00', 6, 5),
(322, '2014-05-27', 1, 2, 1, 2, 21, NULL, NULL, 42, '17:00', '19:00', 9, 20),
(323, '2014-05-27', 1, 2, 2, 3, 30, NULL, NULL, 90, '07:00', '09:00', 16, 4),
(324, '2014-05-27', 1, 2, 2, 1, 30, NULL, NULL, 30, '10:00', '11:00', 15, 10),
(325, '2014-05-27', 1, 2, 2, 1, 30, NULL, NULL, 30, '20:00', '21:00', 1, 19),
(326, '2014-05-27', 1, 2, 3, 1, 35, NULL, NULL, 35, '10:00', '11:00', 1, 20),
(328, '2014-05-27', 1, 2, 3, 2, 35, NULL, NULL, 70, '18:00', '20:00', 27, 15),
(329, '2014-05-27', 1, 2, 4, 2, 18, NULL, NULL, 36, '11:00', '13:00', 1, 18),
(330, '2014-02-05', 1, 2, 1, 2, 21, NULL, NULL, 42, '07:00', '09:00', 11, 6),
(331, '2014-02-05', 1, 2, 1, 2, 21, NULL, NULL, 42, '09:00', '11:00', 10, 7),
(332, '2014-02-05', 1, 2, 1, 1, 21, NULL, NULL, 21, '12:00', '13:00', 2, 1),
(333, '2014-02-05', 1, 2, 1, 2, 21, NULL, NULL, 42, '13:00', '15:00', 6, 5),
(334, '2014-02-05', 1, 2, 1, 2, 21, NULL, NULL, 42, '17:00', '19:00', 1, 19),
(335, '2014-02-05', 1, 2, 2, 2, 30, NULL, NULL, 60, '09:00', '11:00', 22, 8),
(336, '2014-02-05', 1, 2, 2, 1, 30, NULL, NULL, 30, '11:00', '12:00', 3, 4),
(337, '2014-02-05', 1, 2, 2, 2, 30, NULL, NULL, 60, '13:00', '15:00', 17, 11),
(338, '2014-02-05', 1, 2, 2, 2, 30, NULL, NULL, 60, '15:00', '17:00', 18, 12),
(339, '2014-02-05', 1, 2, 2, 2, 30, NULL, NULL, 60, '17:00', '19:00', 12, 13),
(340, '2014-02-05', 1, 2, 2, 2, 30, NULL, NULL, 60, '19:00', '21:00', 19, 14),
(341, '2014-02-05', 1, 2, 3, 2, 35, NULL, NULL, 70, '07:00', '09:00', 27, 15),
(342, '2014-02-05', 1, 2, 3, 2, 35, NULL, NULL, 70, '09:00', '11:00', 2, 19),
(343, '2014-02-05', 1, 2, 3, 2, 35, NULL, NULL, 70, '11:00', '13:00', 1, 20),
(344, '2014-02-05', 1, 2, 3, 2, 35, NULL, NULL, 70, '15:00', '17:00', 28, 16),
(345, '2014-02-05', 1, 2, 4, 2, 18, NULL, NULL, 36, '13:00', '15:00', 25, 9),
(346, '2014-02-05', 1, 2, 1, 2, 21, NULL, NULL, 42, '15:00', '17:00', 6, 5),
(347, '2014-02-12', 1, 2, 1, 2, 21, NULL, NULL, 42, '07:00', '09:00', 11, 6),
(348, '2014-02-12', 1, 2, 1, 2, 21, NULL, NULL, 42, '09:00', '11:00', 10, 7),
(349, '2014-02-12', 1, 2, 1, 1, 21, NULL, NULL, 21, '12:00', '13:00', 2, 1),
(350, '2014-02-12', 1, 2, 1, 2, 21, NULL, NULL, 42, '13:00', '15:00', 6, 5),
(351, '2014-02-12', 1, 2, 1, 2, 21, NULL, NULL, 42, '17:00', '19:00', 1, 19),
(352, '2014-02-12', 1, 2, 2, 2, 30, NULL, NULL, 60, '09:00', '11:00', 22, 8),
(353, '2014-02-12', 1, 2, 2, 1, 30, NULL, NULL, 30, '11:00', '12:00', 3, 4),
(354, '2014-02-12', 1, 2, 2, 2, 30, NULL, NULL, 60, '13:00', '15:00', 17, 11),
(355, '2014-02-12', 1, 2, 2, 2, 30, NULL, NULL, 60, '15:00', '17:00', 18, 12),
(356, '2014-02-12', 1, 2, 2, 2, 30, NULL, NULL, 60, '17:00', '19:00', 12, 13),
(357, '2014-02-12', 1, 2, 2, 2, 30, NULL, NULL, 60, '19:00', '21:00', 19, 14),
(358, '2014-02-12', 1, 2, 3, 2, 35, NULL, NULL, 70, '07:00', '09:00', 27, 15),
(359, '2014-02-12', 1, 2, 3, 2, 35, NULL, NULL, 70, '09:00', '11:00', 2, 19),
(360, '2014-02-12', 1, 2, 3, 2, 35, NULL, NULL, 70, '11:00', '13:00', 1, 20),
(361, '2014-02-12', 1, 2, 3, 2, 35, NULL, NULL, 70, '15:00', '17:00', 28, 16),
(362, '2014-02-12', 1, 2, 4, 2, 18, NULL, NULL, 36, '13:00', '15:00', 25, 9),
(363, '2014-02-12', 1, 2, 1, 2, 21, NULL, NULL, 42, '15:00', '17:00', 6, 5),
(364, '2014-02-19', 1, 2, 1, 2, 21, NULL, NULL, 42, '07:00', '09:00', 11, 6),
(365, '2014-02-19', 1, 2, 1, 2, 21, NULL, NULL, 42, '09:00', '11:00', 10, 7),
(366, '2014-02-19', 1, 2, 1, 1, 21, NULL, NULL, 21, '12:00', '13:00', 2, 1),
(367, '2014-02-19', 1, 2, 1, 2, 21, NULL, NULL, 42, '13:00', '15:00', 6, 5),
(368, '2014-02-19', 1, 2, 1, 2, 21, NULL, NULL, 42, '17:00', '19:00', 1, 19),
(369, '2014-02-19', 1, 2, 2, 2, 30, NULL, NULL, 60, '09:00', '11:00', 22, 8),
(370, '2014-02-19', 1, 2, 2, 1, 30, NULL, NULL, 30, '11:00', '12:00', 3, 4),
(371, '2014-02-19', 1, 2, 2, 2, 30, NULL, NULL, 60, '13:00', '15:00', 17, 11),
(372, '2014-02-19', 1, 2, 2, 2, 30, NULL, NULL, 60, '15:00', '17:00', 18, 12),
(373, '2014-02-19', 1, 2, 2, 2, 30, NULL, NULL, 60, '17:00', '19:00', 12, 13),
(374, '2014-02-19', 1, 2, 2, 2, 30, NULL, NULL, 60, '19:00', '21:00', 19, 14),
(375, '2014-02-19', 1, 2, 3, 2, 35, NULL, NULL, 70, '07:00', '09:00', 27, 15),
(376, '2014-02-19', 1, 2, 3, 2, 35, NULL, NULL, 70, '09:00', '11:00', 2, 19),
(377, '2014-02-19', 1, 2, 3, 2, 35, NULL, NULL, 70, '11:00', '13:00', 1, 20),
(378, '2014-02-19', 1, 2, 3, 2, 35, NULL, NULL, 70, '15:00', '17:00', 28, 16),
(379, '2014-02-19', 1, 2, 4, 2, 18, NULL, NULL, 36, '13:00', '15:00', 25, 9),
(380, '2014-02-19', 1, 2, 1, 2, 21, NULL, NULL, 42, '15:00', '17:00', 6, 5),
(381, '2014-02-26', 1, 2, 1, 2, 21, NULL, NULL, 42, '07:00', '09:00', 11, 6),
(382, '2014-02-26', 1, 2, 1, 2, 21, NULL, NULL, 42, '09:00', '11:00', 10, 7),
(383, '2014-02-26', 1, 2, 1, 1, 21, NULL, NULL, 21, '12:00', '13:00', 2, 1),
(384, '2014-02-26', 1, 2, 1, 2, 21, NULL, NULL, 42, '13:00', '15:00', 6, 5),
(385, '2014-02-26', 1, 2, 1, 2, 21, NULL, NULL, 42, '17:00', '19:00', 1, 19),
(386, '2014-02-26', 1, 2, 2, 2, 30, NULL, NULL, 60, '09:00', '11:00', 22, 8),
(387, '2014-02-26', 1, 2, 2, 1, 30, NULL, NULL, 30, '11:00', '12:00', 3, 4),
(388, '2014-02-26', 1, 2, 2, 2, 30, NULL, NULL, 60, '13:00', '15:00', 17, 11),
(389, '2014-02-26', 1, 2, 2, 2, 30, NULL, NULL, 60, '15:00', '17:00', 18, 12),
(390, '2014-02-26', 1, 2, 2, 2, 30, NULL, NULL, 60, '17:00', '19:00', 12, 13),
(391, '2014-02-26', 1, 2, 2, 2, 30, NULL, NULL, 60, '19:00', '21:00', 19, 14),
(392, '2014-02-26', 1, 2, 3, 2, 35, NULL, NULL, 70, '07:00', '09:00', 27, 15),
(393, '2014-02-26', 1, 2, 3, 2, 35, NULL, NULL, 70, '09:00', '11:00', 2, 19),
(394, '2014-02-26', 1, 2, 3, 2, 35, NULL, NULL, 70, '11:00', '13:00', 1, 20),
(395, '2014-02-26', 1, 2, 3, 2, 35, NULL, NULL, 70, '15:00', '17:00', 28, 16),
(396, '2014-02-26', 1, 2, 4, 2, 18, NULL, NULL, 36, '13:00', '15:00', 25, 9),
(397, '2014-02-26', 1, 2, 1, 2, 21, NULL, NULL, 42, '15:00', '17:00', 6, 5),
(398, '2014-03-05', 1, 2, 1, 2, 21, NULL, NULL, 42, '07:00', '09:00', 11, 6),
(399, '2014-03-05', 1, 2, 1, 2, 21, NULL, NULL, 42, '09:00', '11:00', 10, 7),
(400, '2014-03-05', 1, 2, 1, 1, 21, NULL, NULL, 21, '12:00', '13:00', 2, 1),
(401, '2014-03-05', 1, 2, 1, 2, 21, NULL, NULL, 42, '13:00', '15:00', 6, 5),
(402, '2014-03-05', 1, 2, 1, 2, 21, NULL, NULL, 42, '17:00', '19:00', 1, 19),
(403, '2014-03-05', 1, 2, 2, 2, 30, NULL, NULL, 60, '09:00', '11:00', 22, 8),
(404, '2014-03-05', 1, 2, 2, 1, 30, NULL, NULL, 30, '11:00', '12:00', 3, 4),
(405, '2014-03-05', 1, 2, 2, 2, 30, NULL, NULL, 60, '13:00', '15:00', 17, 11),
(406, '2014-03-05', 1, 2, 2, 2, 30, NULL, NULL, 60, '15:00', '17:00', 18, 12),
(407, '2014-03-05', 1, 2, 2, 2, 30, NULL, NULL, 60, '17:00', '19:00', 12, 13),
(408, '2014-03-05', 1, 2, 2, 2, 30, NULL, NULL, 60, '19:00', '21:00', 19, 14),
(409, '2014-03-05', 1, 2, 3, 2, 35, NULL, NULL, 70, '07:00', '09:00', 27, 15),
(410, '2014-03-05', 1, 2, 3, 2, 35, NULL, NULL, 70, '09:00', '11:00', 2, 19),
(411, '2014-03-05', 1, 2, 3, 2, 35, NULL, NULL, 70, '11:00', '13:00', 1, 20),
(412, '2014-03-05', 1, 2, 3, 2, 35, NULL, NULL, 70, '15:00', '17:00', 28, 16),
(413, '2014-03-05', 1, 2, 4, 2, 18, NULL, NULL, 36, '13:00', '15:00', 25, 9),
(414, '2014-03-05', 1, 2, 1, 2, 21, NULL, NULL, 42, '15:00', '17:00', 6, 5),
(415, '2014-03-12', 1, 2, 1, 2, 21, NULL, NULL, 42, '07:00', '09:00', 11, 6),
(416, '2014-03-12', 1, 2, 1, 2, 21, NULL, NULL, 42, '09:00', '11:00', 10, 7),
(417, '2014-03-12', 1, 2, 1, 1, 21, NULL, NULL, 21, '12:00', '13:00', 2, 1),
(418, '2014-03-12', 1, 2, 1, 2, 21, NULL, NULL, 42, '13:00', '15:00', 6, 5),
(419, '2014-03-12', 1, 2, 1, 2, 21, NULL, NULL, 42, '17:00', '19:00', 1, 19),
(420, '2014-03-12', 1, 2, 2, 2, 30, NULL, NULL, 60, '09:00', '11:00', 22, 8),
(421, '2014-03-12', 1, 2, 2, 1, 30, NULL, NULL, 30, '11:00', '12:00', 3, 4),
(422, '2014-03-12', 1, 2, 2, 2, 30, NULL, NULL, 60, '13:00', '15:00', 17, 11),
(423, '2014-03-12', 1, 2, 2, 2, 30, NULL, NULL, 60, '15:00', '17:00', 18, 12),
(424, '2014-03-12', 1, 2, 2, 2, 30, NULL, NULL, 60, '17:00', '19:00', 12, 13),
(425, '2014-03-12', 1, 2, 2, 2, 30, NULL, NULL, 60, '19:00', '21:00', 19, 14),
(426, '2014-03-12', 1, 2, 3, 2, 35, NULL, NULL, 70, '07:00', '09:00', 27, 15),
(427, '2014-03-12', 1, 2, 3, 2, 35, NULL, NULL, 70, '09:00', '11:00', 2, 19),
(428, '2014-03-12', 1, 2, 3, 2, 35, NULL, NULL, 70, '11:00', '13:00', 1, 20),
(429, '2014-03-12', 1, 2, 3, 2, 35, NULL, NULL, 70, '15:00', '17:00', 28, 16),
(430, '2014-03-12', 1, 2, 4, 2, 18, NULL, NULL, 36, '13:00', '15:00', 25, 9),
(431, '2014-03-12', 1, 2, 1, 2, 21, NULL, NULL, 42, '15:00', '17:00', 6, 5),
(432, '2014-03-19', 1, 2, 1, 2, 21, NULL, NULL, 42, '07:00', '09:00', 11, 6),
(433, '2014-03-19', 1, 2, 1, 2, 21, NULL, NULL, 42, '09:00', '11:00', 10, 7),
(434, '2014-03-19', 1, 2, 1, 1, 21, NULL, NULL, 21, '12:00', '13:00', 2, 1),
(435, '2014-03-19', 1, 2, 1, 2, 21, NULL, NULL, 42, '13:00', '15:00', 6, 5),
(436, '2014-03-19', 1, 2, 1, 2, 21, NULL, NULL, 42, '17:00', '19:00', 1, 19),
(437, '2014-03-19', 1, 2, 2, 2, 30, NULL, NULL, 60, '09:00', '11:00', 22, 8),
(438, '2014-03-19', 1, 2, 2, 1, 30, NULL, NULL, 30, '11:00', '12:00', 3, 4),
(439, '2014-03-19', 1, 2, 2, 2, 30, NULL, NULL, 60, '13:00', '15:00', 17, 11),
(440, '2014-03-19', 1, 2, 2, 2, 30, NULL, NULL, 60, '15:00', '17:00', 18, 12),
(441, '2014-03-19', 1, 2, 2, 2, 30, NULL, NULL, 60, '17:00', '19:00', 12, 13),
(442, '2014-03-19', 1, 2, 2, 2, 30, NULL, NULL, 60, '19:00', '21:00', 19, 14),
(443, '2014-03-19', 1, 2, 3, 2, 35, NULL, NULL, 70, '07:00', '09:00', 27, 15),
(444, '2014-03-19', 1, 2, 3, 2, 35, NULL, NULL, 70, '09:00', '11:00', 2, 19),
(445, '2014-03-19', 1, 2, 3, 2, 35, NULL, NULL, 70, '11:00', '13:00', 1, 20),
(446, '2014-03-19', 1, 2, 3, 2, 35, NULL, NULL, 70, '15:00', '17:00', 28, 16),
(447, '2014-03-19', 1, 2, 4, 2, 18, NULL, NULL, 36, '13:00', '15:00', 25, 9),
(448, '2014-03-19', 1, 2, 1, 2, 21, NULL, NULL, 42, '15:00', '17:00', 6, 5),
(449, '2014-03-26', 1, 2, 1, 2, 21, NULL, NULL, 42, '07:00', '09:00', 11, 6),
(450, '2014-03-26', 1, 2, 1, 2, 21, NULL, NULL, 42, '09:00', '11:00', 10, 7),
(451, '2014-03-26', 1, 2, 1, 1, 21, NULL, NULL, 21, '12:00', '13:00', 2, 1),
(452, '2014-03-26', 1, 2, 1, 2, 21, NULL, NULL, 42, '13:00', '15:00', 6, 5),
(453, '2014-03-26', 1, 2, 1, 2, 21, NULL, NULL, 42, '17:00', '19:00', 1, 19),
(454, '2014-03-26', 1, 2, 2, 2, 30, NULL, NULL, 60, '09:00', '11:00', 22, 8),
(455, '2014-03-26', 1, 2, 2, 1, 30, NULL, NULL, 30, '11:00', '12:00', 3, 4),
(456, '2014-03-26', 1, 2, 2, 2, 30, NULL, NULL, 60, '13:00', '15:00', 17, 11),
(457, '2014-03-26', 1, 2, 2, 2, 30, NULL, NULL, 60, '15:00', '17:00', 18, 12),
(458, '2014-03-26', 1, 2, 2, 2, 30, NULL, NULL, 60, '17:00', '19:00', 12, 13),
(459, '2014-03-26', 1, 2, 2, 2, 30, NULL, NULL, 60, '19:00', '21:00', 19, 14),
(460, '2014-03-26', 1, 2, 3, 2, 35, NULL, NULL, 70, '07:00', '09:00', 27, 15),
(461, '2014-03-26', 1, 2, 3, 2, 35, NULL, NULL, 70, '09:00', '11:00', 2, 19),
(462, '2014-03-26', 1, 2, 3, 2, 35, NULL, NULL, 70, '11:00', '13:00', 1, 20),
(463, '2014-03-26', 1, 2, 3, 2, 35, NULL, NULL, 70, '15:00', '17:00', 28, 16),
(464, '2014-03-26', 1, 2, 4, 2, 18, NULL, NULL, 36, '13:00', '15:00', 25, 9),
(465, '2014-03-26', 1, 2, 1, 2, 21, NULL, NULL, 42, '15:00', '17:00', 6, 5),
(466, '2014-04-02', 1, 2, 1, 2, 21, NULL, NULL, 42, '07:00', '09:00', 11, 6),
(467, '2014-04-02', 1, 2, 1, 2, 21, NULL, NULL, 42, '09:00', '11:00', 10, 7),
(468, '2014-04-02', 1, 2, 1, 1, 21, NULL, NULL, 21, '12:00', '13:00', 2, 1),
(469, '2014-04-02', 1, 2, 1, 2, 21, NULL, NULL, 42, '13:00', '15:00', 6, 5),
(470, '2014-04-02', 1, 2, 1, 2, 21, NULL, NULL, 42, '17:00', '19:00', 1, 19),
(471, '2014-04-02', 1, 2, 2, 2, 30, NULL, NULL, 60, '09:00', '11:00', 22, 8),
(472, '2014-04-02', 1, 2, 2, 1, 30, NULL, NULL, 30, '11:00', '12:00', 3, 4),
(473, '2014-04-02', 1, 2, 2, 2, 30, NULL, NULL, 60, '13:00', '15:00', 17, 11),
(474, '2014-04-02', 1, 2, 2, 2, 30, NULL, NULL, 60, '15:00', '17:00', 18, 12),
(475, '2014-04-02', 1, 2, 2, 2, 30, NULL, NULL, 60, '17:00', '19:00', 12, 13),
(476, '2014-04-02', 1, 2, 2, 2, 30, NULL, NULL, 60, '19:00', '21:00', 19, 14),
(477, '2014-04-02', 1, 2, 3, 2, 35, NULL, NULL, 70, '07:00', '09:00', 27, 15),
(478, '2014-04-02', 1, 2, 3, 2, 35, NULL, NULL, 70, '09:00', '11:00', 2, 19),
(479, '2014-04-02', 1, 2, 3, 2, 35, NULL, NULL, 70, '11:00', '13:00', 1, 20),
(480, '2014-04-02', 1, 2, 3, 2, 35, NULL, NULL, 70, '15:00', '17:00', 28, 16),
(481, '2014-04-02', 1, 2, 4, 2, 18, NULL, NULL, 36, '13:00', '15:00', 25, 9),
(482, '2014-04-02', 1, 2, 1, 2, 21, NULL, NULL, 42, '15:00', '17:00', 6, 5),
(483, '2014-04-09', 1, 2, 1, 2, 21, NULL, NULL, 42, '07:00', '09:00', 11, 6),
(484, '2014-04-09', 1, 2, 1, 2, 21, NULL, NULL, 42, '09:00', '11:00', 10, 7),
(485, '2014-04-09', 1, 2, 1, 1, 21, NULL, NULL, 21, '12:00', '13:00', 2, 1),
(486, '2014-04-09', 1, 2, 1, 2, 21, NULL, NULL, 42, '13:00', '15:00', 6, 5),
(487, '2014-04-09', 1, 2, 1, 2, 21, NULL, NULL, 42, '17:00', '19:00', 1, 19),
(488, '2014-04-09', 1, 2, 2, 2, 30, NULL, NULL, 60, '09:00', '11:00', 22, 8),
(489, '2014-04-09', 1, 2, 2, 1, 30, NULL, NULL, 30, '11:00', '12:00', 3, 4),
(490, '2014-04-09', 1, 2, 2, 2, 30, NULL, NULL, 60, '13:00', '15:00', 17, 11),
(491, '2014-04-09', 1, 2, 2, 2, 30, NULL, NULL, 60, '15:00', '17:00', 18, 12),
(492, '2014-04-09', 1, 2, 2, 2, 30, NULL, NULL, 60, '17:00', '19:00', 12, 13),
(493, '2014-04-09', 1, 2, 2, 2, 30, NULL, NULL, 60, '19:00', '21:00', 19, 14),
(494, '2014-04-09', 1, 2, 3, 2, 35, NULL, NULL, 70, '07:00', '09:00', 27, 15),
(495, '2014-04-09', 1, 2, 3, 2, 35, NULL, NULL, 70, '09:00', '11:00', 2, 19),
(496, '2014-04-09', 1, 2, 3, 2, 35, NULL, NULL, 70, '11:00', '13:00', 1, 20),
(497, '2014-04-09', 1, 2, 3, 2, 35, NULL, NULL, 70, '15:00', '17:00', 28, 16),
(498, '2014-04-09', 1, 2, 4, 2, 18, NULL, NULL, 36, '13:00', '15:00', 25, 9),
(499, '2014-04-09', 1, 2, 1, 2, 21, NULL, NULL, 42, '15:00', '17:00', 6, 5),
(517, '2014-04-23', 1, 2, 1, 2, 21, NULL, NULL, 42, '07:00', '09:00', 11, 6),
(518, '2014-04-23', 1, 2, 1, 2, 21, NULL, NULL, 42, '09:00', '11:00', 10, 7),
(519, '2014-04-23', 1, 2, 1, 1, 21, NULL, NULL, 21, '12:00', '13:00', 2, 1),
(520, '2014-04-23', 1, 2, 1, 2, 21, NULL, NULL, 42, '13:00', '15:00', 6, 5),
(521, '2014-04-23', 1, 2, 1, 2, 21, NULL, NULL, 42, '17:00', '19:00', 1, 19),
(522, '2014-04-23', 1, 2, 2, 2, 30, NULL, NULL, 60, '09:00', '11:00', 22, 8),
(523, '2014-04-23', 1, 2, 2, 1, 30, NULL, NULL, 30, '11:00', '12:00', 3, 4),
(524, '2014-04-23', 1, 2, 2, 2, 30, NULL, NULL, 60, '13:00', '15:00', 17, 11),
(525, '2014-04-23', 1, 2, 2, 2, 30, NULL, NULL, 60, '15:00', '17:00', 18, 12),
(526, '2014-04-23', 1, 2, 2, 2, 30, NULL, NULL, 60, '17:00', '19:00', 12, 13),
(527, '2014-04-23', 1, 2, 2, 2, 30, NULL, NULL, 60, '19:00', '21:00', 19, 14),
(528, '2014-04-23', 1, 2, 3, 2, 35, NULL, NULL, 70, '07:00', '09:00', 27, 15),
(529, '2014-04-23', 1, 2, 3, 2, 35, NULL, NULL, 70, '09:00', '11:00', 2, 19),
(530, '2014-04-23', 1, 2, 3, 2, 35, NULL, NULL, 70, '11:00', '13:00', 1, 20),
(531, '2014-04-23', 1, 2, 3, 2, 35, NULL, NULL, 70, '15:00', '17:00', 28, 16),
(532, '2014-04-23', 1, 2, 4, 2, 18, NULL, NULL, 36, '13:00', '15:00', 25, 9),
(533, '2014-04-23', 1, 2, 1, 2, 21, NULL, NULL, 42, '15:00', '17:00', 6, 5),
(534, '2014-04-30', 1, 2, 1, 2, 21, NULL, NULL, 42, '07:00', '09:00', 11, 6),
(535, '2014-04-30', 1, 2, 1, 2, 21, NULL, NULL, 42, '09:00', '11:00', 10, 7),
(536, '2014-04-30', 1, 2, 1, 1, 21, NULL, NULL, 21, '12:00', '13:00', 2, 1),
(537, '2014-04-30', 1, 2, 1, 2, 21, NULL, NULL, 42, '13:00', '15:00', 6, 5),
(538, '2014-04-30', 1, 2, 1, 2, 21, NULL, NULL, 42, '17:00', '19:00', 1, 19),
(539, '2014-04-30', 1, 2, 2, 2, 30, NULL, NULL, 60, '09:00', '11:00', 22, 8),
(540, '2014-04-30', 1, 2, 2, 1, 30, NULL, NULL, 30, '11:00', '12:00', 3, 4),
(541, '2014-04-30', 1, 2, 2, 2, 30, NULL, NULL, 60, '13:00', '15:00', 17, 11),
(542, '2014-04-30', 1, 2, 2, 2, 30, NULL, NULL, 60, '15:00', '17:00', 18, 12),
(543, '2014-04-30', 1, 2, 2, 2, 30, NULL, NULL, 60, '17:00', '19:00', 12, 13),
(544, '2014-04-30', 1, 2, 2, 2, 30, NULL, NULL, 60, '19:00', '21:00', 19, 14),
(545, '2014-04-30', 1, 2, 3, 2, 35, NULL, NULL, 70, '07:00', '09:00', 27, 15),
(546, '2014-04-30', 1, 2, 3, 2, 35, NULL, NULL, 70, '09:00', '11:00', 2, 19),
(547, '2014-04-30', 1, 2, 3, 2, 35, NULL, NULL, 70, '11:00', '13:00', 1, 20),
(548, '2014-04-30', 1, 2, 3, 2, 35, NULL, NULL, 70, '15:00', '17:00', 28, 16),
(549, '2014-04-30', 1, 2, 4, 2, 18, NULL, NULL, 36, '13:00', '15:00', 25, 9),
(550, '2014-04-30', 1, 2, 1, 2, 21, NULL, NULL, 42, '15:00', '17:00', 6, 5),
(552, '2014-05-07', 1, 2, 1, 2, 21, NULL, NULL, 42, '09:00', '11:00', 10, 7),
(553, '2014-05-07', 1, 2, 1, 1, 21, NULL, NULL, 21, '12:00', '13:00', 2, 1),
(554, '2014-05-07', 1, 2, 1, 2, 21, NULL, NULL, 42, '13:00', '15:00', 6, 5),
(555, '2014-05-07', 1, 2, 1, 2, 21, NULL, NULL, 42, '17:00', '19:00', 1, 19),
(556, '2014-05-07', 1, 2, 2, 2, 30, NULL, NULL, 60, '09:00', '11:00', 22, 8),
(557, '2014-05-07', 1, 2, 2, 1, 30, NULL, NULL, 30, '11:00', '12:00', 3, 4),
(558, '2014-05-07', 1, 2, 2, 2, 30, NULL, NULL, 60, '13:00', '15:00', 17, 11),
(559, '2014-05-07', 1, 2, 2, 2, 30, NULL, NULL, 60, '15:00', '17:00', 18, 12),
(560, '2014-05-07', 1, 2, 2, 2, 30, NULL, NULL, 60, '17:00', '19:00', 12, 13),
(561, '2014-05-07', 1, 2, 2, 2, 30, NULL, NULL, 60, '19:00', '21:00', 19, 14),
(562, '2014-05-07', 1, 2, 3, 2, 35, NULL, NULL, 70, '07:00', '09:00', 27, 15),
(563, '2014-05-07', 1, 2, 3, 2, 35, NULL, NULL, 70, '09:00', '11:00', 2, 19),
(564, '2014-05-07', 1, 2, 3, 2, 35, NULL, NULL, 70, '11:00', '13:00', 1, 20),
(565, '2014-05-07', 1, 2, 3, 2, 35, NULL, NULL, 70, '15:00', '17:00', 28, 16),
(566, '2014-05-07', 1, 2, 4, 2, 18, NULL, NULL, 36, '13:00', '15:00', 25, 9),
(567, '2014-05-07', 1, 2, 1, 2, 21, NULL, NULL, 42, '15:00', '17:00', 6, 5),
(568, '2014-05-07', 1, 2, 1, 2, 21, NULL, NULL, 42, '07:00', '09:00', 11, 6),
(569, '2014-05-14', 1, 2, 1, 2, 21, NULL, NULL, 42, '07:00', '09:00', 11, 6),
(570, '2014-05-14', 1, 2, 1, 2, 21, NULL, NULL, 42, '09:00', '11:00', 10, 7),
(571, '2014-05-14', 1, 2, 1, 1, 21, NULL, NULL, 21, '12:00', '13:00', 2, 1),
(572, '2014-05-14', 1, 2, 1, 2, 21, NULL, NULL, 42, '13:00', '15:00', 6, 5),
(573, '2014-05-14', 1, 2, 1, 2, 21, NULL, NULL, 42, '17:00', '19:00', 1, 19),
(574, '2014-05-14', 1, 2, 2, 2, 30, NULL, NULL, 60, '09:00', '11:00', 22, 8),
(575, '2014-05-14', 1, 2, 2, 1, 30, NULL, NULL, 30, '11:00', '12:00', 3, 4),
(576, '2014-05-14', 1, 2, 2, 2, 30, NULL, NULL, 60, '13:00', '15:00', 17, 11),
(577, '2014-05-14', 1, 2, 2, 2, 30, NULL, NULL, 60, '15:00', '17:00', 18, 12),
(578, '2014-05-14', 1, 2, 2, 2, 30, NULL, NULL, 60, '17:00', '19:00', 12, 13),
(579, '2014-05-14', 1, 2, 2, 2, 30, NULL, NULL, 60, '19:00', '21:00', 19, 14),
(580, '2014-05-14', 1, 2, 3, 2, 35, NULL, NULL, 70, '07:00', '09:00', 27, 15),
(581, '2014-05-14', 1, 2, 3, 2, 35, NULL, NULL, 70, '09:00', '11:00', 2, 19),
(582, '2014-05-14', 1, 2, 3, 2, 35, NULL, NULL, 70, '11:00', '13:00', 1, 20),
(583, '2014-05-14', 1, 2, 3, 2, 35, NULL, NULL, 70, '15:00', '17:00', 28, 16),
(584, '2014-05-14', 1, 2, 4, 2, 18, NULL, NULL, 36, '13:00', '15:00', 25, 9),
(585, '2014-05-14', 1, 2, 1, 2, 21, NULL, NULL, 42, '15:00', '17:00', 6, 5),
(586, '2014-05-21', 1, 2, 1, 2, 21, NULL, NULL, 42, '07:00', '09:00', 11, 6),
(587, '2014-05-21', 1, 2, 1, 2, 21, NULL, NULL, 42, '09:00', '11:00', 10, 7),
(588, '2014-05-21', 1, 2, 1, 1, 21, NULL, NULL, 21, '12:00', '13:00', 2, 1),
(589, '2014-05-21', 1, 2, 1, 2, 21, NULL, NULL, 42, '13:00', '15:00', 6, 5),
(590, '2014-05-21', 1, 2, 1, 2, 21, NULL, NULL, 42, '17:00', '19:00', 1, 19),
(591, '2014-05-21', 1, 2, 2, 2, 30, NULL, NULL, 60, '09:00', '11:00', 22, 8),
(592, '2014-05-21', 1, 2, 2, 1, 30, NULL, NULL, 30, '11:00', '12:00', 3, 4),
(593, '2014-05-21', 1, 2, 2, 2, 30, NULL, NULL, 60, '13:00', '15:00', 17, 11),
(594, '2014-05-21', 1, 2, 2, 2, 30, NULL, NULL, 60, '15:00', '17:00', 18, 12),
(595, '2014-05-21', 1, 2, 2, 2, 30, NULL, NULL, 60, '17:00', '19:00', 12, 13),
(596, '2014-05-21', 1, 2, 2, 2, 30, NULL, NULL, 60, '19:00', '21:00', 19, 14),
(597, '2014-05-21', 1, 2, 3, 2, 35, NULL, NULL, 70, '07:00', '09:00', 27, 15),
(598, '2014-05-21', 1, 2, 3, 2, 35, NULL, NULL, 70, '09:00', '11:00', 2, 19),
(599, '2014-05-21', 1, 2, 3, 2, 35, NULL, NULL, 70, '11:00', '13:00', 1, 20),
(600, '2014-05-21', 1, 2, 3, 2, 35, NULL, NULL, 70, '15:00', '17:00', 28, 16),
(601, '2014-05-21', 1, 2, 4, 2, 18, NULL, NULL, 36, '13:00', '15:00', 25, 9),
(602, '2014-05-21', 1, 2, 1, 2, 21, NULL, NULL, 42, '15:00', '17:00', 6, 5),
(603, '2014-05-28', 1, 2, 1, 2, 21, NULL, NULL, 42, '07:00', '09:00', 11, 6),
(604, '2014-05-28', 1, 2, 1, 2, 21, NULL, NULL, 42, '09:00', '11:00', 10, 7),
(605, '2014-05-28', 1, 2, 1, 1, 21, NULL, NULL, 21, '12:00', '13:00', 2, 1),
(606, '2014-05-28', 1, 2, 1, 2, 21, NULL, NULL, 42, '13:00', '15:00', 6, 5),
(607, '2014-05-28', 1, 2, 1, 2, 21, NULL, NULL, 42, '17:00', '19:00', 1, 19),
(608, '2014-05-28', 1, 2, 2, 2, 30, NULL, NULL, 60, '09:00', '11:00', 22, 8),
(609, '2014-05-28', 1, 2, 2, 1, 30, NULL, NULL, 30, '11:00', '12:00', 3, 4),
(610, '2014-05-28', 1, 2, 2, 2, 30, NULL, NULL, 60, '13:00', '15:00', 17, 11),
(611, '2014-05-28', 1, 2, 2, 2, 30, NULL, NULL, 60, '15:00', '17:00', 18, 12),
(612, '2014-05-28', 1, 2, 2, 2, 30, NULL, NULL, 60, '17:00', '19:00', 12, 13),
(613, '2014-05-28', 1, 2, 2, 2, 30, NULL, NULL, 60, '19:00', '21:00', 19, 14),
(614, '2014-05-28', 1, 2, 3, 2, 35, NULL, NULL, 70, '07:00', '09:00', 27, 15),
(615, '2014-05-28', 1, 2, 3, 2, 35, NULL, NULL, 70, '09:00', '11:00', 2, 19),
(616, '2014-05-28', 1, 2, 3, 2, 35, NULL, NULL, 70, '11:00', '13:00', 1, 20),
(617, '2014-05-28', 1, 2, 3, 2, 35, NULL, NULL, 70, '15:00', '17:00', 28, 16),
(618, '2014-05-28', 1, 2, 4, 2, 18, NULL, NULL, 36, '13:00', '15:00', 25, 9),
(619, '2014-05-28', 1, 2, 1, 2, 21, NULL, NULL, 42, '15:00', '17:00', 6, 5),
(620, '2014-02-06', 1, 2, 1, 2, 21, NULL, NULL, 42, '09:00', '11:00', 2, 1),
(621, '2014-02-06', 1, 2, 1, 1, 21, NULL, NULL, 21, '11:00', '12:00', 8, 19),
(622, '2014-02-06', 1, 2, 1, 1, 21, NULL, NULL, 21, '12:00', '13:00', 9, 20),
(623, '2014-02-06', 1, 2, 1, 2, 21, NULL, NULL, 42, '17:00', '19:00', 1, 19),
(624, '2014-02-06', 1, 2, 2, 2, 30, NULL, NULL, 60, '09:00', '11:00', 20, 21),
(625, '2014-02-06', 1, 2, 2, 2, 30, NULL, NULL, 60, '11:00', '13:00', 22, 22),
(626, '2014-02-06', 1, 2, 2, 2, 30, NULL, NULL, 60, '15:00', '17:00', 21, 23),
(627, '2014-02-06', 1, 2, 3, 3, 35, NULL, NULL, 105, '07:00', '10:00', 1, 1),
(628, '2014-02-06', 1, 2, 3, 1, 35, NULL, NULL, 35, '10:00', '11:00', 7, 1),
(629, '2014-02-06', 1, 2, 3, 2, 35, NULL, NULL, 70, '11:00', '13:00', 26, 17),
(630, '2014-02-06', 1, 2, 4, 2, 18, NULL, NULL, 36, '09:00', '11:00', 1, 18),
(631, '2014-02-13', 1, 2, 1, 2, 21, NULL, NULL, 42, '09:00', '11:00', 2, 1),
(632, '2014-02-13', 1, 2, 1, 1, 21, NULL, NULL, 21, '11:00', '12:00', 8, 19),
(633, '2014-02-13', 1, 2, 1, 1, 21, NULL, NULL, 21, '12:00', '13:00', 9, 20),
(634, '2014-02-13', 1, 2, 1, 2, 21, NULL, NULL, 42, '17:00', '19:00', 1, 19),
(635, '2014-02-13', 1, 2, 2, 2, 30, NULL, NULL, 60, '09:00', '11:00', 20, 21),
(636, '2014-02-13', 1, 2, 2, 2, 30, NULL, NULL, 60, '11:00', '13:00', 22, 22),
(637, '2014-02-13', 1, 2, 2, 2, 30, NULL, NULL, 60, '15:00', '17:00', 21, 23),
(638, '2014-02-13', 1, 2, 3, 3, 35, NULL, NULL, 105, '07:00', '10:00', 1, 1),
(639, '2014-02-13', 1, 2, 3, 1, 35, NULL, NULL, 35, '10:00', '11:00', 7, 1),
(640, '2014-02-13', 1, 2, 3, 2, 35, NULL, NULL, 70, '11:00', '13:00', 26, 17),
(641, '2014-02-13', 1, 2, 4, 2, 18, NULL, NULL, 36, '09:00', '11:00', 1, 18),
(642, '2014-02-20', 1, 2, 1, 2, 21, NULL, NULL, 42, '09:00', '11:00', 2, 1),
(643, '2014-02-20', 1, 2, 1, 1, 21, NULL, NULL, 21, '11:00', '12:00', 8, 19),
(644, '2014-02-20', 1, 2, 1, 1, 21, NULL, NULL, 21, '12:00', '13:00', 9, 20),
(645, '2014-02-20', 1, 2, 1, 2, 21, NULL, NULL, 42, '17:00', '19:00', 1, 19),
(646, '2014-02-20', 1, 2, 2, 2, 30, NULL, NULL, 60, '09:00', '11:00', 20, 21),
(647, '2014-02-20', 1, 2, 2, 2, 30, NULL, NULL, 60, '11:00', '13:00', 22, 22),
(648, '2014-02-20', 1, 2, 2, 2, 30, NULL, NULL, 60, '15:00', '17:00', 21, 23),
(649, '2014-02-20', 1, 2, 3, 3, 35, NULL, NULL, 105, '07:00', '10:00', 1, 1),
(650, '2014-02-20', 1, 2, 3, 1, 35, NULL, NULL, 35, '10:00', '11:00', 7, 1),
(651, '2014-02-20', 1, 2, 3, 2, 35, NULL, NULL, 70, '11:00', '13:00', 26, 17),
(652, '2014-02-20', 1, 2, 4, 2, 18, NULL, NULL, 36, '09:00', '11:00', 1, 18),
(653, '2014-02-27', 1, 2, 1, 2, 21, NULL, NULL, 42, '09:00', '11:00', 2, 1),
(654, '2014-02-27', 1, 2, 1, 1, 21, NULL, NULL, 21, '11:00', '12:00', 8, 19),
(655, '2014-02-27', 1, 2, 1, 1, 21, NULL, NULL, 21, '12:00', '13:00', 9, 20),
(656, '2014-02-27', 1, 2, 1, 2, 21, NULL, NULL, 42, '17:00', '19:00', 1, 19),
(657, '2014-02-27', 1, 2, 2, 2, 30, NULL, NULL, 60, '09:00', '11:00', 20, 21),
(658, '2014-02-27', 1, 2, 2, 2, 30, NULL, NULL, 60, '11:00', '13:00', 22, 22),
(659, '2014-02-27', 1, 2, 2, 2, 30, NULL, NULL, 60, '15:00', '17:00', 21, 23),
(660, '2014-02-27', 1, 2, 3, 3, 35, NULL, NULL, 105, '07:00', '10:00', 1, 1),
(661, '2014-02-27', 1, 2, 3, 1, 35, NULL, NULL, 35, '10:00', '11:00', 7, 1),
(662, '2014-02-27', 1, 2, 3, 2, 35, NULL, NULL, 70, '11:00', '13:00', 26, 17),
(663, '2014-02-27', 1, 2, 4, 2, 18, NULL, NULL, 36, '09:00', '11:00', 1, 18),
(664, '2014-03-06', 1, 2, 1, 2, 21, NULL, NULL, 42, '09:00', '11:00', 2, 1),
(665, '2014-03-06', 1, 2, 1, 1, 21, NULL, NULL, 21, '11:00', '12:00', 8, 19),
(666, '2014-03-06', 1, 2, 1, 1, 21, NULL, NULL, 21, '12:00', '13:00', 9, 20),
(667, '2014-03-06', 1, 2, 1, 2, 21, NULL, NULL, 42, '17:00', '19:00', 1, 19),
(668, '2014-03-06', 1, 2, 2, 2, 30, NULL, NULL, 60, '09:00', '11:00', 20, 21),
(669, '2014-03-06', 1, 2, 2, 2, 30, NULL, NULL, 60, '11:00', '13:00', 22, 22),
(670, '2014-03-06', 1, 2, 2, 2, 30, NULL, NULL, 60, '15:00', '17:00', 21, 23),
(671, '2014-03-06', 1, 2, 3, 3, 35, NULL, NULL, 105, '07:00', '10:00', 1, 1),
(672, '2014-03-06', 1, 2, 3, 1, 35, NULL, NULL, 35, '10:00', '11:00', 7, 1),
(673, '2014-03-06', 1, 2, 3, 2, 35, NULL, NULL, 70, '11:00', '13:00', 26, 17),
(674, '2014-03-06', 1, 2, 4, 2, 18, NULL, NULL, 36, '09:00', '11:00', 1, 18),
(675, '2014-03-13', 1, 2, 1, 2, 21, NULL, NULL, 42, '09:00', '11:00', 2, 1),
(676, '2014-03-13', 1, 2, 1, 1, 21, NULL, NULL, 21, '11:00', '12:00', 8, 19),
(677, '2014-03-13', 1, 2, 1, 1, 21, NULL, NULL, 21, '12:00', '13:00', 9, 20),
(678, '2014-03-13', 1, 2, 1, 2, 21, NULL, NULL, 42, '17:00', '19:00', 1, 19),
(679, '2014-03-13', 1, 2, 2, 2, 30, NULL, NULL, 60, '09:00', '11:00', 20, 21),
(680, '2014-03-13', 1, 2, 2, 2, 30, NULL, NULL, 60, '11:00', '13:00', 22, 22),
(681, '2014-03-13', 1, 2, 2, 2, 30, NULL, NULL, 60, '15:00', '17:00', 21, 23),
(682, '2014-03-13', 1, 2, 3, 3, 35, NULL, NULL, 105, '07:00', '10:00', 1, 1),
(683, '2014-03-13', 1, 2, 3, 1, 35, NULL, NULL, 35, '10:00', '11:00', 7, 1),
(684, '2014-03-13', 1, 2, 3, 2, 35, NULL, NULL, 70, '11:00', '13:00', 26, 17),
(685, '2014-03-13', 1, 2, 4, 2, 18, NULL, NULL, 36, '09:00', '11:00', 1, 18),
(686, '2014-03-20', 1, 2, 1, 2, 21, NULL, NULL, 42, '09:00', '11:00', 2, 1),
(687, '2014-03-20', 1, 2, 1, 1, 21, NULL, NULL, 21, '11:00', '12:00', 8, 19),
(688, '2014-03-20', 1, 2, 1, 1, 21, NULL, NULL, 21, '12:00', '13:00', 9, 20),
(689, '2014-03-20', 1, 2, 1, 2, 21, NULL, NULL, 42, '17:00', '19:00', 1, 19),
(690, '2014-03-20', 1, 2, 2, 2, 30, NULL, NULL, 60, '09:00', '11:00', 20, 21),
(691, '2014-03-20', 1, 2, 2, 2, 30, NULL, NULL, 60, '11:00', '13:00', 22, 22),
(692, '2014-03-20', 1, 2, 2, 2, 30, NULL, NULL, 60, '15:00', '17:00', 21, 23),
(693, '2014-03-20', 1, 2, 3, 3, 35, NULL, NULL, 105, '07:00', '10:00', 1, 1),
(694, '2014-03-20', 1, 2, 3, 1, 35, NULL, NULL, 35, '10:00', '11:00', 7, 1),
(695, '2014-03-20', 1, 2, 3, 2, 35, NULL, NULL, 70, '11:00', '13:00', 26, 17),
(696, '2014-03-20', 1, 2, 4, 2, 18, NULL, NULL, 36, '09:00', '11:00', 1, 18),
(697, '2014-03-27', 1, 2, 1, 2, 21, NULL, NULL, 42, '09:00', '11:00', 2, 1),
(698, '2014-03-27', 1, 2, 1, 1, 21, NULL, NULL, 21, '11:00', '12:00', 8, 19),
(699, '2014-03-27', 1, 2, 1, 1, 21, NULL, NULL, 21, '12:00', '13:00', 9, 20),
(700, '2014-03-27', 1, 2, 1, 2, 21, NULL, NULL, 42, '17:00', '19:00', 1, 19),
(701, '2014-03-27', 1, 2, 2, 2, 30, NULL, NULL, 60, '09:00', '11:00', 20, 21),
(702, '2014-03-27', 1, 2, 2, 2, 30, NULL, NULL, 60, '11:00', '13:00', 22, 22),
(703, '2014-03-27', 1, 2, 2, 2, 30, NULL, NULL, 60, '15:00', '17:00', 21, 23);
INSERT INTO `usos` (`id`, `fecha`, `programas_educativos_id`, `tipo_usos_id`, `salones_id`, `cantidad_horas`, `cantidad_usuarios`, `matricula`, `observaciones`, `horas_servicio`, `hora_entrada`, `hora_salida`, `docentes_id`, `experiencias_educativas_id`) VALUES
(704, '2014-03-27', 1, 2, 3, 3, 35, NULL, NULL, 105, '07:00', '10:00', 1, 1),
(705, '2014-03-27', 1, 2, 3, 1, 35, NULL, NULL, 35, '10:00', '11:00', 7, 1),
(706, '2014-03-27', 1, 2, 3, 2, 35, NULL, NULL, 70, '11:00', '13:00', 26, 17),
(707, '2014-03-27', 1, 2, 4, 2, 18, NULL, NULL, 36, '09:00', '11:00', 1, 18),
(708, '2014-04-03', 1, 2, 1, 2, 21, NULL, NULL, 42, '09:00', '11:00', 2, 1),
(709, '2014-04-03', 1, 2, 1, 1, 21, NULL, NULL, 21, '11:00', '12:00', 8, 19),
(710, '2014-04-03', 1, 2, 1, 1, 21, NULL, NULL, 21, '12:00', '13:00', 9, 20),
(711, '2014-04-03', 1, 2, 1, 2, 21, NULL, NULL, 42, '17:00', '19:00', 1, 19),
(712, '2014-04-03', 1, 2, 2, 2, 30, NULL, NULL, 60, '09:00', '11:00', 20, 21),
(713, '2014-04-03', 1, 2, 2, 2, 30, NULL, NULL, 60, '11:00', '13:00', 22, 22),
(714, '2014-04-03', 1, 2, 2, 2, 30, NULL, NULL, 60, '15:00', '17:00', 21, 23),
(715, '2014-04-03', 1, 2, 3, 3, 35, NULL, NULL, 105, '07:00', '10:00', 1, 1),
(716, '2014-04-03', 1, 2, 3, 1, 35, NULL, NULL, 35, '10:00', '11:00', 7, 1),
(717, '2014-04-03', 1, 2, 3, 2, 35, NULL, NULL, 70, '11:00', '13:00', 26, 17),
(718, '2014-04-03', 1, 2, 4, 2, 18, NULL, NULL, 36, '09:00', '11:00', 1, 18),
(719, '2014-04-18', 1, 2, 1, 2, 21, NULL, NULL, 42, '09:00', '11:00', 2, 1),
(720, '2014-04-18', 1, 2, 1, 1, 21, NULL, NULL, 21, '11:00', '12:00', 8, 19),
(721, '2014-04-18', 1, 2, 1, 1, 21, NULL, NULL, 21, '12:00', '13:00', 9, 20),
(722, '2014-04-18', 1, 2, 1, 2, 21, NULL, NULL, 42, '17:00', '19:00', 1, 19),
(723, '2014-04-18', 1, 2, 2, 2, 30, NULL, NULL, 60, '09:00', '11:00', 20, 21),
(724, '2014-04-18', 1, 2, 2, 2, 30, NULL, NULL, 60, '11:00', '13:00', 22, 22),
(725, '2014-04-18', 1, 2, 2, 2, 30, NULL, NULL, 60, '15:00', '17:00', 21, 23),
(726, '2014-04-18', 1, 2, 3, 3, 35, NULL, NULL, 105, '07:00', '10:00', 1, 1),
(727, '2014-04-18', 1, 2, 3, 1, 35, NULL, NULL, 35, '10:00', '11:00', 7, 1),
(728, '2014-04-18', 1, 2, 3, 2, 35, NULL, NULL, 70, '11:00', '13:00', 26, 17),
(729, '2014-04-18', 1, 2, 4, 2, 18, NULL, NULL, 36, '09:00', '11:00', 1, 18),
(730, '2014-04-24', 1, 2, 1, 2, 21, NULL, NULL, 42, '09:00', '11:00', 2, 1),
(731, '2014-04-24', 1, 2, 1, 1, 21, NULL, NULL, 21, '11:00', '12:00', 8, 19),
(732, '2014-04-24', 1, 2, 1, 1, 21, NULL, NULL, 21, '12:00', '13:00', 9, 20),
(733, '2014-04-24', 1, 2, 1, 2, 21, NULL, NULL, 42, '17:00', '19:00', 1, 19),
(734, '2014-04-24', 1, 2, 2, 2, 30, NULL, NULL, 60, '09:00', '11:00', 20, 21),
(735, '2014-04-24', 1, 2, 2, 2, 30, NULL, NULL, 60, '11:00', '13:00', 22, 22),
(736, '2014-04-24', 1, 2, 2, 2, 30, NULL, NULL, 60, '15:00', '17:00', 21, 23),
(737, '2014-04-24', 1, 2, 3, 3, 35, NULL, NULL, 105, '07:00', '10:00', 1, 1),
(738, '2014-04-24', 1, 2, 3, 1, 35, NULL, NULL, 35, '10:00', '11:00', 7, 1),
(739, '2014-04-24', 1, 2, 3, 2, 35, NULL, NULL, 70, '11:00', '13:00', 26, 17),
(740, '2014-04-24', 1, 2, 4, 2, 18, NULL, NULL, 36, '09:00', '11:00', 1, 18),
(741, '2014-05-08', 1, 2, 1, 2, 21, NULL, NULL, 42, '09:00', '11:00', 2, 1),
(742, '2014-05-08', 1, 2, 1, 1, 21, NULL, NULL, 21, '11:00', '12:00', 8, 19),
(743, '2014-05-08', 1, 2, 1, 1, 21, NULL, NULL, 21, '12:00', '13:00', 9, 20),
(744, '2014-05-08', 1, 2, 1, 2, 21, NULL, NULL, 42, '17:00', '19:00', 1, 19),
(745, '2014-05-08', 1, 2, 2, 2, 30, NULL, NULL, 60, '09:00', '11:00', 20, 21),
(746, '2014-05-08', 1, 2, 2, 2, 30, NULL, NULL, 60, '11:00', '13:00', 22, 22),
(747, '2014-05-08', 1, 2, 2, 2, 30, NULL, NULL, 60, '15:00', '17:00', 21, 23),
(748, '2014-05-08', 1, 2, 3, 3, 35, NULL, NULL, 105, '07:00', '10:00', 1, 1),
(749, '2014-05-08', 1, 2, 3, 1, 35, NULL, NULL, 35, '10:00', '11:00', 7, 1),
(750, '2014-05-08', 1, 2, 3, 2, 35, NULL, NULL, 70, '11:00', '13:00', 26, 17),
(751, '2014-05-08', 1, 2, 4, 2, 18, NULL, NULL, 36, '09:00', '11:00', 1, 18),
(752, '2014-05-22', 1, 2, 1, 2, 21, NULL, NULL, 42, '09:00', '11:00', 2, 1),
(753, '2014-05-22', 1, 2, 1, 1, 21, NULL, NULL, 21, '11:00', '12:00', 8, 19),
(754, '2014-05-22', 1, 2, 1, 1, 21, NULL, NULL, 21, '12:00', '13:00', 9, 20),
(755, '2014-05-22', 1, 2, 1, 2, 21, NULL, NULL, 42, '17:00', '19:00', 1, 19),
(756, '2014-05-22', 1, 2, 2, 2, 30, NULL, NULL, 60, '09:00', '11:00', 20, 21),
(757, '2014-05-22', 1, 2, 2, 2, 30, NULL, NULL, 60, '11:00', '13:00', 22, 22),
(758, '2014-05-22', 1, 2, 2, 2, 30, NULL, NULL, 60, '15:00', '17:00', 21, 23),
(759, '2014-05-22', 1, 2, 3, 3, 35, NULL, NULL, 105, '07:00', '10:00', 1, 1),
(760, '2014-05-22', 1, 2, 3, 1, 35, NULL, NULL, 35, '10:00', '11:00', 7, 1),
(761, '2014-05-22', 1, 2, 3, 2, 35, NULL, NULL, 70, '11:00', '13:00', 26, 17),
(762, '2014-05-22', 1, 2, 4, 2, 18, NULL, NULL, 36, '09:00', '11:00', 1, 18),
(763, '2014-05-29', 1, 2, 1, 2, 21, NULL, NULL, 42, '09:00', '11:00', 2, 1),
(764, '2014-05-29', 1, 2, 1, 1, 21, NULL, NULL, 21, '11:00', '12:00', 8, 19),
(765, '2014-05-29', 1, 2, 1, 1, 21, NULL, NULL, 21, '12:00', '13:00', 9, 20),
(766, '2014-05-29', 1, 2, 1, 2, 21, NULL, NULL, 42, '17:00', '19:00', 1, 19),
(767, '2014-05-29', 1, 2, 2, 2, 30, NULL, NULL, 60, '09:00', '11:00', 20, 21),
(768, '2014-05-29', 1, 2, 2, 2, 30, NULL, NULL, 60, '11:00', '13:00', 22, 22),
(769, '2014-05-29', 1, 2, 2, 2, 30, NULL, NULL, 60, '15:00', '17:00', 21, 23),
(770, '2014-05-29', 1, 2, 3, 3, 35, NULL, NULL, 105, '07:00', '10:00', 1, 1),
(771, '2014-05-29', 1, 2, 3, 1, 35, NULL, NULL, 35, '10:00', '11:00', 7, 1),
(772, '2014-05-29', 1, 2, 3, 2, 35, NULL, NULL, 70, '11:00', '13:00', 26, 17),
(773, '2014-05-29', 1, 2, 4, 2, 18, NULL, NULL, 36, '09:00', '11:00', 1, 18),
(774, '2014-02-07', 1, 2, 1, 2, 21, NULL, NULL, 42, '07:00', '09:00', 11, 6),
(775, '2014-02-07', 1, 2, 1, 2, 21, NULL, NULL, 42, '09:00', '11:00', 7, 1),
(776, '2014-02-07', 1, 2, 1, 2, 21, NULL, NULL, 42, '11:00', '13:00', 12, 13),
(777, '2014-02-07', 1, 2, 1, 2, 21, NULL, NULL, 42, '15:00', '17:00', 9, 20),
(778, '2014-02-07', 1, 2, 1, 2, 21, NULL, NULL, 42, '17:00', '19:00', 6, 5),
(779, '2014-02-07', 1, 2, 2, 2, 30, NULL, NULL, 60, '09:00', '11:00', 23, 18),
(780, '2014-02-07', 1, 2, 2, 2, 30, NULL, NULL, 60, '11:00', '13:00', 22, 8),
(781, '2014-02-07', 1, 2, 2, 2, 30, NULL, NULL, 60, '13:00', '15:00', 18, 12),
(782, '2014-02-07', 1, 2, 2, 1, 30, NULL, NULL, 30, '16:00', '17:00', 24, 10),
(783, '2014-02-07', 1, 2, 3, 2, 35, NULL, NULL, 70, '09:00', '11:00', 2, 19),
(784, '2014-02-07', 1, 2, 3, 2, 35, NULL, NULL, 70, '11:00', '13:00', 1, 20),
(785, '2014-02-07', 1, 2, 3, 1, 35, NULL, NULL, 35, '16:00', '17:00', 15, 10),
(786, '2014-02-07', 1, 2, 4, 2, 18, NULL, NULL, 36, '11:00', '13:00', 25, 9),
(787, '2014-02-14', 1, 2, 1, 2, 21, NULL, NULL, 42, '07:00', '09:00', 11, 6),
(788, '2014-02-14', 1, 2, 1, 2, 21, NULL, NULL, 42, '09:00', '11:00', 7, 1),
(789, '2014-02-14', 1, 2, 1, 2, 21, NULL, NULL, 42, '11:00', '13:00', 12, 13),
(790, '2014-02-14', 1, 2, 1, 2, 21, NULL, NULL, 42, '15:00', '17:00', 9, 20),
(791, '2014-02-14', 1, 2, 1, 2, 21, NULL, NULL, 42, '17:00', '19:00', 6, 5),
(792, '2014-02-14', 1, 2, 2, 2, 30, NULL, NULL, 60, '09:00', '11:00', 23, 18),
(793, '2014-02-14', 1, 2, 2, 2, 30, NULL, NULL, 60, '11:00', '13:00', 22, 8),
(794, '2014-02-14', 1, 2, 2, 2, 30, NULL, NULL, 60, '13:00', '15:00', 18, 12),
(795, '2014-02-14', 1, 2, 2, 1, 30, NULL, NULL, 30, '16:00', '17:00', 24, 10),
(796, '2014-02-14', 1, 2, 3, 2, 35, NULL, NULL, 70, '09:00', '11:00', 2, 19),
(797, '2014-02-14', 1, 2, 3, 2, 35, NULL, NULL, 70, '11:00', '13:00', 1, 20),
(798, '2014-02-14', 1, 2, 3, 1, 35, NULL, NULL, 35, '16:00', '17:00', 15, 10),
(799, '2014-02-14', 1, 2, 4, 2, 18, NULL, NULL, 36, '11:00', '13:00', 25, 9),
(800, '2014-02-21', 1, 2, 1, 2, 21, NULL, NULL, 42, '07:00', '09:00', 11, 6),
(801, '2014-02-21', 1, 2, 1, 2, 21, NULL, NULL, 42, '09:00', '11:00', 7, 1),
(802, '2014-02-21', 1, 2, 1, 2, 21, NULL, NULL, 42, '11:00', '13:00', 12, 13),
(803, '2014-02-21', 1, 2, 1, 2, 21, NULL, NULL, 42, '15:00', '17:00', 9, 20),
(804, '2014-02-21', 1, 2, 1, 2, 21, NULL, NULL, 42, '17:00', '19:00', 6, 5),
(805, '2014-02-21', 1, 2, 2, 2, 30, NULL, NULL, 60, '09:00', '11:00', 23, 18),
(806, '2014-02-21', 1, 2, 2, 2, 30, NULL, NULL, 60, '11:00', '13:00', 22, 8),
(807, '2014-02-21', 1, 2, 2, 2, 30, NULL, NULL, 60, '13:00', '15:00', 18, 12),
(808, '2014-02-21', 1, 2, 2, 1, 30, NULL, NULL, 30, '16:00', '17:00', 24, 10),
(809, '2014-02-21', 1, 2, 3, 2, 35, NULL, NULL, 70, '09:00', '11:00', 2, 19),
(810, '2014-02-21', 1, 2, 3, 2, 35, NULL, NULL, 70, '11:00', '13:00', 1, 20),
(811, '2014-02-21', 1, 2, 3, 1, 35, NULL, NULL, 35, '16:00', '17:00', 15, 10),
(812, '2014-02-21', 1, 2, 4, 2, 18, NULL, NULL, 36, '11:00', '13:00', 25, 9),
(813, '2014-02-28', 1, 2, 1, 2, 21, NULL, NULL, 42, '07:00', '09:00', 11, 6),
(814, '2014-02-28', 1, 2, 1, 2, 21, NULL, NULL, 42, '09:00', '11:00', 7, 1),
(815, '2014-02-28', 1, 2, 1, 2, 21, NULL, NULL, 42, '11:00', '13:00', 12, 13),
(816, '2014-02-28', 1, 2, 1, 2, 21, NULL, NULL, 42, '15:00', '17:00', 9, 20),
(817, '2014-02-28', 1, 2, 1, 2, 21, NULL, NULL, 42, '17:00', '19:00', 6, 5),
(818, '2014-02-28', 1, 2, 2, 2, 30, NULL, NULL, 60, '09:00', '11:00', 23, 18),
(819, '2014-02-28', 1, 2, 2, 2, 30, NULL, NULL, 60, '11:00', '13:00', 22, 8),
(820, '2014-02-28', 1, 2, 2, 2, 30, NULL, NULL, 60, '13:00', '15:00', 18, 12),
(821, '2014-02-28', 1, 2, 2, 1, 30, NULL, NULL, 30, '16:00', '17:00', 24, 10),
(822, '2014-02-28', 1, 2, 3, 2, 35, NULL, NULL, 70, '09:00', '11:00', 2, 19),
(823, '2014-02-28', 1, 2, 3, 2, 35, NULL, NULL, 70, '11:00', '13:00', 1, 20),
(824, '2014-02-28', 1, 2, 3, 1, 35, NULL, NULL, 35, '16:00', '17:00', 15, 10),
(825, '2014-02-28', 1, 2, 4, 2, 18, NULL, NULL, 36, '11:00', '13:00', 25, 9),
(826, '2014-03-07', 1, 2, 1, 2, 21, NULL, NULL, 42, '07:00', '09:00', 11, 6),
(827, '2014-03-07', 1, 2, 1, 2, 21, NULL, NULL, 42, '09:00', '11:00', 7, 1),
(828, '2014-03-07', 1, 2, 1, 2, 21, NULL, NULL, 42, '11:00', '13:00', 12, 13),
(829, '2014-03-07', 1, 2, 1, 2, 21, NULL, NULL, 42, '15:00', '17:00', 9, 20),
(830, '2014-03-07', 1, 2, 1, 2, 21, NULL, NULL, 42, '17:00', '19:00', 6, 5),
(831, '2014-03-07', 1, 2, 2, 2, 30, NULL, NULL, 60, '09:00', '11:00', 23, 18),
(832, '2014-03-07', 1, 2, 2, 2, 30, NULL, NULL, 60, '11:00', '13:00', 22, 8),
(833, '2014-03-07', 1, 2, 2, 2, 30, NULL, NULL, 60, '13:00', '15:00', 18, 12),
(834, '2014-03-07', 1, 2, 2, 1, 30, NULL, NULL, 30, '16:00', '17:00', 24, 10),
(835, '2014-03-07', 1, 2, 3, 2, 35, NULL, NULL, 70, '09:00', '11:00', 2, 19),
(836, '2014-03-07', 1, 2, 3, 2, 35, NULL, NULL, 70, '11:00', '13:00', 1, 20),
(837, '2014-03-07', 1, 2, 3, 1, 35, NULL, NULL, 35, '16:00', '17:00', 15, 10),
(838, '2014-03-07', 1, 2, 4, 2, 18, NULL, NULL, 36, '11:00', '13:00', 25, 9),
(839, '2014-03-14', 1, 2, 1, 2, 21, NULL, NULL, 42, '07:00', '09:00', 11, 6),
(840, '2014-03-14', 1, 2, 1, 2, 21, NULL, NULL, 42, '09:00', '11:00', 7, 1),
(841, '2014-03-14', 1, 2, 1, 2, 21, NULL, NULL, 42, '11:00', '13:00', 12, 13),
(842, '2014-03-14', 1, 2, 1, 2, 21, NULL, NULL, 42, '15:00', '17:00', 9, 20),
(843, '2014-03-14', 1, 2, 1, 2, 21, NULL, NULL, 42, '17:00', '19:00', 6, 5),
(844, '2014-03-14', 1, 2, 2, 2, 30, NULL, NULL, 60, '09:00', '11:00', 23, 18),
(845, '2014-03-14', 1, 2, 2, 2, 30, NULL, NULL, 60, '11:00', '13:00', 22, 8),
(846, '2014-03-14', 1, 2, 2, 2, 30, NULL, NULL, 60, '13:00', '15:00', 18, 12),
(847, '2014-03-14', 1, 2, 2, 1, 30, NULL, NULL, 30, '16:00', '17:00', 24, 10),
(848, '2014-03-14', 1, 2, 3, 2, 35, NULL, NULL, 70, '09:00', '11:00', 2, 19),
(849, '2014-03-14', 1, 2, 3, 2, 35, NULL, NULL, 70, '11:00', '13:00', 1, 20),
(850, '2014-03-14', 1, 2, 3, 1, 35, NULL, NULL, 35, '16:00', '17:00', 15, 10),
(851, '2014-03-14', 1, 2, 4, 2, 18, NULL, NULL, 36, '11:00', '13:00', 25, 9),
(852, '2014-03-21', 1, 2, 1, 2, 21, NULL, NULL, 42, '07:00', '09:00', 11, 6),
(853, '2014-03-21', 1, 2, 1, 2, 21, NULL, NULL, 42, '09:00', '11:00', 7, 1),
(854, '2014-03-21', 1, 2, 1, 2, 21, NULL, NULL, 42, '11:00', '13:00', 12, 13),
(855, '2014-03-21', 1, 2, 1, 2, 21, NULL, NULL, 42, '15:00', '17:00', 9, 20),
(856, '2014-03-21', 1, 2, 1, 2, 21, NULL, NULL, 42, '17:00', '19:00', 6, 5),
(857, '2014-03-21', 1, 2, 2, 2, 30, NULL, NULL, 60, '09:00', '11:00', 23, 18),
(858, '2014-03-21', 1, 2, 2, 2, 30, NULL, NULL, 60, '11:00', '13:00', 22, 8),
(859, '2014-03-21', 1, 2, 2, 2, 30, NULL, NULL, 60, '13:00', '15:00', 18, 12),
(860, '2014-03-21', 1, 2, 2, 1, 30, NULL, NULL, 30, '16:00', '17:00', 24, 10),
(861, '2014-03-21', 1, 2, 3, 2, 35, NULL, NULL, 70, '09:00', '11:00', 2, 19),
(862, '2014-03-21', 1, 2, 3, 2, 35, NULL, NULL, 70, '11:00', '13:00', 1, 20),
(863, '2014-03-21', 1, 2, 3, 1, 35, NULL, NULL, 35, '16:00', '17:00', 15, 10),
(864, '2014-03-21', 1, 2, 4, 2, 18, NULL, NULL, 36, '11:00', '13:00', 25, 9),
(865, '2014-03-28', 1, 2, 1, 2, 21, NULL, NULL, 42, '07:00', '09:00', 11, 6),
(866, '2014-03-28', 1, 2, 1, 2, 21, NULL, NULL, 42, '09:00', '11:00', 7, 1),
(867, '2014-03-28', 1, 2, 1, 2, 21, NULL, NULL, 42, '11:00', '13:00', 12, 13),
(868, '2014-03-28', 1, 2, 1, 2, 21, NULL, NULL, 42, '15:00', '17:00', 9, 20),
(869, '2014-03-28', 1, 2, 1, 2, 21, NULL, NULL, 42, '17:00', '19:00', 6, 5),
(870, '2014-03-28', 1, 2, 2, 2, 30, NULL, NULL, 60, '09:00', '11:00', 23, 18),
(871, '2014-03-28', 1, 2, 2, 2, 30, NULL, NULL, 60, '11:00', '13:00', 22, 8),
(872, '2014-03-28', 1, 2, 2, 2, 30, NULL, NULL, 60, '13:00', '15:00', 18, 12),
(873, '2014-03-28', 1, 2, 2, 1, 30, NULL, NULL, 30, '16:00', '17:00', 24, 10),
(874, '2014-03-28', 1, 2, 3, 2, 35, NULL, NULL, 70, '09:00', '11:00', 2, 19),
(875, '2014-03-28', 1, 2, 3, 2, 35, NULL, NULL, 70, '11:00', '13:00', 1, 20),
(876, '2014-03-28', 1, 2, 3, 1, 35, NULL, NULL, 35, '16:00', '17:00', 15, 10),
(877, '2014-03-28', 1, 2, 4, 2, 18, NULL, NULL, 36, '11:00', '13:00', 25, 9),
(878, '2014-04-04', 1, 2, 1, 2, 21, NULL, NULL, 42, '07:00', '09:00', 11, 6),
(879, '2014-04-04', 1, 2, 1, 2, 21, NULL, NULL, 42, '09:00', '11:00', 7, 1),
(880, '2014-04-04', 1, 2, 1, 2, 21, NULL, NULL, 42, '11:00', '13:00', 12, 13),
(881, '2014-04-04', 1, 2, 1, 2, 21, NULL, NULL, 42, '15:00', '17:00', 9, 20),
(882, '2014-04-04', 1, 2, 1, 2, 21, NULL, NULL, 42, '17:00', '19:00', 6, 5),
(883, '2014-04-04', 1, 2, 2, 2, 30, NULL, NULL, 60, '09:00', '11:00', 23, 18),
(884, '2014-04-04', 1, 2, 2, 2, 30, NULL, NULL, 60, '11:00', '13:00', 22, 8),
(885, '2014-04-04', 1, 2, 2, 2, 30, NULL, NULL, 60, '13:00', '15:00', 18, 12),
(886, '2014-04-04', 1, 2, 2, 1, 30, NULL, NULL, 30, '16:00', '17:00', 24, 10),
(887, '2014-04-04', 1, 2, 3, 2, 35, NULL, NULL, 70, '09:00', '11:00', 2, 19),
(888, '2014-04-04', 1, 2, 3, 2, 35, NULL, NULL, 70, '11:00', '13:00', 1, 20),
(889, '2014-04-04', 1, 2, 3, 1, 35, NULL, NULL, 35, '16:00', '17:00', 15, 10),
(890, '2014-04-04', 1, 2, 4, 2, 18, NULL, NULL, 36, '11:00', '13:00', 25, 9),
(891, '2014-04-11', 1, 2, 1, 2, 21, NULL, NULL, 42, '07:00', '09:00', 11, 6),
(892, '2014-04-11', 1, 2, 1, 2, 21, NULL, NULL, 42, '09:00', '11:00', 7, 1),
(893, '2014-04-11', 1, 2, 1, 2, 21, NULL, NULL, 42, '11:00', '13:00', 12, 13),
(894, '2014-04-11', 1, 2, 1, 2, 21, NULL, NULL, 42, '15:00', '17:00', 9, 20),
(895, '2014-04-11', 1, 2, 1, 2, 21, NULL, NULL, 42, '17:00', '19:00', 6, 5),
(896, '2014-04-11', 1, 2, 2, 2, 30, NULL, NULL, 60, '09:00', '11:00', 23, 18),
(897, '2014-04-11', 1, 2, 2, 2, 30, NULL, NULL, 60, '11:00', '13:00', 22, 8),
(898, '2014-04-11', 1, 2, 2, 2, 30, NULL, NULL, 60, '13:00', '15:00', 18, 12),
(899, '2014-04-11', 1, 2, 2, 1, 30, NULL, NULL, 30, '16:00', '17:00', 24, 10),
(900, '2014-04-11', 1, 2, 3, 2, 35, NULL, NULL, 70, '09:00', '11:00', 2, 19),
(901, '2014-04-11', 1, 2, 3, 2, 35, NULL, NULL, 70, '11:00', '13:00', 1, 20),
(902, '2014-04-11', 1, 2, 3, 1, 35, NULL, NULL, 35, '16:00', '17:00', 15, 10),
(903, '2014-04-11', 1, 2, 4, 2, 18, NULL, NULL, 36, '11:00', '13:00', 25, 9),
(904, '2014-04-25', 1, 2, 1, 2, 21, NULL, NULL, 42, '07:00', '09:00', 11, 6),
(905, '2014-04-25', 1, 2, 1, 2, 21, NULL, NULL, 42, '09:00', '11:00', 7, 1),
(906, '2014-04-25', 1, 2, 1, 2, 21, NULL, NULL, 42, '11:00', '13:00', 12, 13),
(907, '2014-04-25', 1, 2, 1, 2, 21, NULL, NULL, 42, '15:00', '17:00', 9, 20),
(908, '2014-04-25', 1, 2, 1, 2, 21, NULL, NULL, 42, '17:00', '19:00', 6, 5),
(909, '2014-04-25', 1, 2, 2, 2, 30, NULL, NULL, 60, '09:00', '11:00', 23, 18),
(910, '2014-04-25', 1, 2, 2, 2, 30, NULL, NULL, 60, '11:00', '13:00', 22, 8),
(911, '2014-04-25', 1, 2, 2, 2, 30, NULL, NULL, 60, '13:00', '15:00', 18, 12),
(912, '2014-04-25', 1, 2, 2, 1, 30, NULL, NULL, 30, '16:00', '17:00', 24, 10),
(913, '2014-04-25', 1, 2, 3, 2, 35, NULL, NULL, 70, '09:00', '11:00', 2, 19),
(914, '2014-04-25', 1, 2, 3, 2, 35, NULL, NULL, 70, '11:00', '13:00', 1, 20),
(915, '2014-04-25', 1, 2, 3, 1, 35, NULL, NULL, 35, '16:00', '17:00', 15, 10),
(916, '2014-04-25', 1, 2, 4, 2, 18, NULL, NULL, 36, '11:00', '13:00', 25, 9),
(917, '2014-05-02', 1, 2, 1, 2, 21, NULL, NULL, 42, '07:00', '09:00', 11, 6),
(918, '2014-05-02', 1, 2, 1, 2, 21, NULL, NULL, 42, '09:00', '11:00', 7, 1),
(919, '2014-05-02', 1, 2, 1, 2, 21, NULL, NULL, 42, '11:00', '13:00', 12, 13),
(920, '2014-05-02', 1, 2, 1, 2, 21, NULL, NULL, 42, '15:00', '17:00', 9, 20),
(921, '2014-05-02', 1, 2, 1, 2, 21, NULL, NULL, 42, '17:00', '19:00', 6, 5),
(922, '2014-05-02', 1, 2, 2, 2, 30, NULL, NULL, 60, '09:00', '11:00', 23, 18),
(923, '2014-05-02', 1, 2, 2, 2, 30, NULL, NULL, 60, '11:00', '13:00', 22, 8),
(924, '2014-05-02', 1, 2, 2, 2, 30, NULL, NULL, 60, '13:00', '15:00', 18, 12),
(925, '2014-05-02', 1, 2, 2, 1, 30, NULL, NULL, 30, '16:00', '17:00', 24, 10),
(926, '2014-05-02', 1, 2, 3, 2, 35, NULL, NULL, 70, '09:00', '11:00', 2, 19),
(927, '2014-05-02', 1, 2, 3, 2, 35, NULL, NULL, 70, '11:00', '13:00', 1, 20),
(928, '2014-05-02', 1, 2, 3, 1, 35, NULL, NULL, 35, '16:00', '17:00', 15, 10),
(929, '2014-05-02', 1, 2, 4, 2, 18, NULL, NULL, 36, '11:00', '13:00', 25, 9),
(930, '2014-05-09', 1, 2, 1, 2, 21, NULL, NULL, 42, '07:00', '09:00', 11, 6),
(931, '2014-05-09', 1, 2, 1, 2, 21, NULL, NULL, 42, '09:00', '11:00', 7, 1),
(932, '2014-05-09', 1, 2, 1, 2, 21, NULL, NULL, 42, '11:00', '13:00', 12, 13),
(933, '2014-05-09', 1, 2, 1, 2, 21, NULL, NULL, 42, '15:00', '17:00', 9, 20),
(934, '2014-05-09', 1, 2, 1, 2, 21, NULL, NULL, 42, '17:00', '19:00', 6, 5),
(935, '2014-05-09', 1, 2, 2, 2, 30, NULL, NULL, 60, '09:00', '11:00', 23, 18),
(936, '2014-05-09', 1, 2, 2, 2, 30, NULL, NULL, 60, '11:00', '13:00', 22, 8),
(937, '2014-05-09', 1, 2, 2, 2, 30, NULL, NULL, 60, '13:00', '15:00', 18, 12),
(938, '2014-05-09', 1, 2, 2, 1, 30, NULL, NULL, 30, '16:00', '17:00', 24, 10),
(939, '2014-05-09', 1, 2, 3, 2, 35, NULL, NULL, 70, '09:00', '11:00', 2, 19),
(940, '2014-05-09', 1, 2, 3, 2, 35, NULL, NULL, 70, '11:00', '13:00', 1, 20),
(941, '2014-05-09', 1, 2, 3, 1, 35, NULL, NULL, 35, '16:00', '17:00', 15, 10),
(942, '2014-05-09', 1, 2, 4, 2, 18, NULL, NULL, 36, '11:00', '13:00', 25, 9),
(943, '2014-05-16', 1, 2, 1, 2, 21, NULL, NULL, 42, '07:00', '09:00', 11, 6),
(944, '2014-05-16', 1, 2, 1, 2, 21, NULL, NULL, 42, '09:00', '11:00', 7, 1),
(945, '2014-05-16', 1, 2, 1, 2, 21, NULL, NULL, 42, '11:00', '13:00', 12, 13),
(946, '2014-05-16', 1, 2, 1, 2, 21, NULL, NULL, 42, '15:00', '17:00', 9, 20),
(947, '2014-05-16', 1, 2, 1, 2, 21, NULL, NULL, 42, '17:00', '19:00', 6, 5),
(948, '2014-05-16', 1, 2, 2, 2, 30, NULL, NULL, 60, '09:00', '11:00', 23, 18),
(949, '2014-05-16', 1, 2, 2, 2, 30, NULL, NULL, 60, '11:00', '13:00', 22, 8),
(950, '2014-05-16', 1, 2, 2, 2, 30, NULL, NULL, 60, '13:00', '15:00', 18, 12),
(951, '2014-05-16', 1, 2, 2, 1, 30, NULL, NULL, 30, '16:00', '17:00', 24, 10),
(952, '2014-05-16', 1, 2, 3, 2, 35, NULL, NULL, 70, '09:00', '11:00', 2, 19),
(953, '2014-05-16', 1, 2, 3, 2, 35, NULL, NULL, 70, '11:00', '13:00', 1, 20),
(954, '2014-05-16', 1, 2, 3, 1, 35, NULL, NULL, 35, '16:00', '17:00', 15, 10),
(955, '2014-05-16', 1, 2, 4, 2, 18, NULL, NULL, 36, '11:00', '13:00', 25, 9),
(956, '2014-05-23', 1, 2, 1, 2, 21, NULL, NULL, 42, '07:00', '09:00', 11, 6),
(957, '2014-05-23', 1, 2, 1, 2, 21, NULL, NULL, 42, '09:00', '11:00', 7, 1),
(958, '2014-05-23', 1, 2, 1, 2, 21, NULL, NULL, 42, '11:00', '13:00', 12, 13),
(959, '2014-05-23', 1, 2, 1, 2, 21, NULL, NULL, 42, '15:00', '17:00', 9, 20),
(960, '2014-05-23', 1, 2, 1, 2, 21, NULL, NULL, 42, '17:00', '19:00', 6, 5),
(961, '2014-05-23', 1, 2, 2, 2, 30, NULL, NULL, 60, '09:00', '11:00', 23, 18),
(962, '2014-05-23', 1, 2, 2, 2, 30, NULL, NULL, 60, '11:00', '13:00', 22, 8),
(963, '2014-05-23', 1, 2, 2, 2, 30, NULL, NULL, 60, '13:00', '15:00', 18, 12),
(964, '2014-05-23', 1, 2, 2, 1, 30, NULL, NULL, 30, '16:00', '17:00', 24, 10),
(965, '2014-05-23', 1, 2, 3, 2, 35, NULL, NULL, 70, '09:00', '11:00', 2, 19),
(966, '2014-05-23', 1, 2, 3, 2, 35, NULL, NULL, 70, '11:00', '13:00', 1, 20),
(967, '2014-05-23', 1, 2, 3, 1, 35, NULL, NULL, 35, '16:00', '17:00', 15, 10),
(968, '2014-05-23', 1, 2, 4, 2, 18, NULL, NULL, 36, '11:00', '13:00', 25, 9),
(969, '2014-05-30', 1, 2, 1, 2, 21, NULL, NULL, 42, '07:00', '09:00', 11, 6),
(970, '2014-05-30', 1, 2, 1, 2, 21, NULL, NULL, 42, '09:00', '11:00', 7, 1),
(971, '2014-05-30', 1, 2, 1, 2, 21, NULL, NULL, 42, '11:00', '13:00', 12, 13),
(972, '2014-05-30', 1, 2, 1, 2, 21, NULL, NULL, 42, '15:00', '17:00', 9, 20),
(973, '2014-05-30', 1, 2, 1, 2, 21, NULL, NULL, 42, '17:00', '19:00', 6, 5),
(974, '2014-05-30', 1, 2, 2, 2, 30, NULL, NULL, 60, '09:00', '11:00', 23, 18),
(975, '2014-05-30', 1, 2, 2, 2, 30, NULL, NULL, 60, '11:00', '13:00', 22, 8),
(976, '2014-05-30', 1, 2, 2, 2, 30, NULL, NULL, 60, '13:00', '15:00', 18, 12),
(977, '2014-05-30', 1, 2, 2, 1, 30, NULL, NULL, 30, '16:00', '17:00', 24, 10),
(978, '2014-05-30', 1, 2, 3, 2, 35, NULL, NULL, 70, '09:00', '11:00', 2, 19),
(979, '2014-05-30', 1, 2, 3, 2, 35, NULL, NULL, 70, '11:00', '13:00', 1, 20),
(980, '2014-05-30', 1, 2, 3, 1, 35, NULL, NULL, 35, '16:00', '17:00', 15, 10),
(981, '2014-05-30', 1, 2, 4, 2, 18, NULL, NULL, 36, '11:00', '13:00', 25, 9),
(982, '2014-02-04', 1, 2, 3, 2, 35, NULL, NULL, 70, '11:00', '13:00', 20, 21),
(983, '2014-02-11', 1, 2, 3, 2, 35, NULL, NULL, 70, '11:00', '13:00', 20, 21),
(984, '2014-02-18', 1, 2, 3, 2, 35, NULL, NULL, 70, '11:00', '13:00', 20, 21),
(985, '2014-02-25', 1, 2, 3, 2, 35, NULL, NULL, 70, '11:00', '13:00', 20, 21),
(986, '2014-03-11', 1, 2, 3, 2, 35, NULL, NULL, 70, '11:00', '13:00', 20, 21),
(987, '2014-03-25', 1, 2, 3, 2, 35, NULL, NULL, 70, '11:00', '13:00', 20, 21),
(988, '2014-04-08', 1, 2, 3, 2, 35, NULL, NULL, 70, '11:00', '13:00', 20, 21),
(989, '2014-04-22', 1, 2, 3, 2, 35, NULL, NULL, 70, '11:00', '13:00', 20, 21),
(990, '2014-04-29', 1, 2, 3, 2, 35, NULL, NULL, 70, '11:00', '13:00', 20, 21),
(991, '2014-05-06', 1, 2, 3, 2, 35, NULL, NULL, 70, '11:00', '13:00', 20, 21),
(992, '2014-05-13', 1, 2, 3, 2, 35, NULL, NULL, 70, '11:00', '13:00', 20, 21),
(993, '2014-05-20', 1, 2, 3, 2, 35, NULL, NULL, 70, '11:00', '13:00', 20, 21),
(994, '2014-05-27', 1, 2, 3, 2, 35, NULL, NULL, 70, '11:00', '13:00', 20, 21),
(1001, '2014-02-13', 1, 2, 2, 3, 30, NULL, NULL, 90, '07:00', '10:00', 16, 4),
(1002, '2014-02-14', 1, 2, 2, 2, 30, NULL, NULL, 60, '17:00', '19:00', 6, 5),
(1003, '2014-02-20', 1, 2, 3, 2, 30, NULL, NULL, 60, '17:00', '19:00', 31, 24),
(1004, '2014-02-21', 1, 2, 3, 2, 35, NULL, NULL, 70, '13:00', '15:00', 17, 11),
(1005, '2014-02-24', 1, 1, 4, 1, 1, 'S13011304', NULL, 1, '09:00', '10:00', NULL, NULL),
(1006, '2014-02-24', 1, 1, 4, 1, 1, 'S13011300', NULL, 1, '10:00', '11:00', NULL, NULL),
(1007, '2014-02-25', 1, 1, 4, 1, 1, 'S10011182', NULL, 1, '12:00', '13:00', NULL, NULL),
(1008, '2014-02-25', 1, 1, 2, 2, 1, 'S12022243', NULL, 1, '13:00', '15:00', NULL, NULL),
(1009, '2014-02-25', 1, 1, 2, 1, 1, 'S13011362', NULL, NULL, '13:00', '15:00', NULL, NULL),
(1010, '2014-02-27', 1, 2, 3, 2, 35, NULL, NULL, 70, '17:00', '19:00', 31, 25),
(1011, '2014-03-05', 1, 1, 2, 1, 1, 'S12011178', NULL, 1, '12:00', '13:00', NULL, NULL),
(1012, '2014-03-05', 1, 1, 4, 1, 1, 'S12002729', NULL, 1, '09:00', '10:00', NULL, NULL),
(1013, '2014-03-05', NULL, 4, 3, 2, 35, NULL, 'Curso Java', 70, '19:00', '21:00', NULL, NULL),
(1014, '2014-03-06', NULL, 4, 3, 2, 35, NULL, 'Curso Java', 70, '19:00', '21:00', NULL, NULL),
(1015, '2014-03-07', NULL, 4, 3, 2, 35, NULL, 'Curso Java', 70, '19:00', '21:00', NULL, NULL),
(1016, '2014-03-10', NULL, 4, 3, 2, 35, NULL, 'Curso Java', 70, '19:00', '21:00', NULL, NULL),
(1018, '2014-03-12', NULL, 4, 3, 2, 35, NULL, 'Curso Java', 70, '19:00', '21:00', NULL, NULL),
(1019, '2014-03-13', NULL, 4, 3, 2, 35, NULL, 'Curso Java', 70, '19:00', '21:00', NULL, NULL),
(1020, '2014-03-14', NULL, 4, 3, 2, 35, NULL, 'Curso Java', 70, '19:00', '21:00', NULL, NULL),
(1021, '2014-03-19', NULL, 4, 3, 2, 35, NULL, 'Curso Java', 70, '19:00', '21:00', NULL, NULL),
(1022, '2014-03-29', NULL, 4, 3, 2, 35, NULL, 'Curso Java', 70, '19:00', '21:00', NULL, NULL),
(1023, '2014-03-05', NULL, 4, 3, 2, 35, NULL, 'Curso Java', 70, '19:00', '21:00', NULL, NULL),
(1024, '2014-03-26', NULL, 4, 3, 2, 35, NULL, 'Curso Java', 70, '19:00', '21:00', NULL, NULL),
(1025, '2014-03-27', NULL, 4, 3, 2, 35, NULL, 'Curso Java', 70, '19:00', '21:00', NULL, NULL),
(1026, '2014-03-05', NULL, 4, 3, 2, 35, NULL, 'Curso Java', 70, '19:00', '21:00', NULL, NULL),
(1027, '2014-03-28', NULL, 4, 3, 2, 35, NULL, 'Curso Java', 70, '19:00', '21:00', NULL, NULL),
(1028, '2014-03-31', NULL, 4, 3, 2, 35, NULL, 'Curso Java', 70, '19:00', '21:00', NULL, NULL),
(1029, '2014-04-02', NULL, 4, 3, 2, 35, NULL, 'Curso Java', 70, '19:00', '21:00', NULL, NULL),
(1030, '2014-04-03', NULL, 4, 3, 2, 35, NULL, 'Curso Java', 70, '19:00', '21:00', NULL, NULL),
(1031, '2014-04-04', NULL, 4, 3, 2, 35, NULL, 'Curso Java', 70, '19:00', '21:00', NULL, NULL),
(1032, '2014-04-02', NULL, 4, 3, 2, 35, NULL, 'Curso Java', 70, '19:00', '21:00', NULL, NULL),
(1033, '2014-04-07', NULL, 4, 3, 2, 35, NULL, 'Curso Java', 70, '19:00', '21:00', NULL, NULL),
(1034, '2014-04-09', NULL, 4, 3, 2, 35, NULL, 'Curso Java', 70, '19:00', '21:00', NULL, NULL),
(1035, '2014-04-10', NULL, 4, 3, 2, 35, NULL, 'Curso Java', 70, '19:00', '21:00', NULL, NULL),
(1036, '2014-04-11', NULL, 4, 3, 2, 35, NULL, 'Curso Java', 70, '19:00', '21:00', NULL, NULL),
(1037, '2014-04-21', NULL, 4, 3, 2, 35, NULL, 'Curso Java', 70, '19:00', '21:00', NULL, NULL),
(1038, '2014-04-02', NULL, 4, 3, 2, 35, NULL, 'Curso Java', 70, '19:00', '21:00', NULL, NULL),
(1039, '2014-04-24', NULL, 4, 3, 2, 35, NULL, 'Curso Java', 70, '19:00', '21:00', NULL, NULL),
(1040, '2014-04-25', NULL, 4, 3, 2, 35, NULL, 'Curso Java', 70, '19:00', '21:00', NULL, NULL),
(1041, '2014-04-02', NULL, 4, 3, 2, 35, NULL, 'Curso Java', 70, '19:00', '21:00', NULL, NULL),
(1042, '2014-04-30', NULL, 4, 3, 2, 35, NULL, 'Curso Java', 70, '19:00', '21:00', NULL, NULL),
(1043, '2014-05-07', NULL, 4, 3, 2, 35, NULL, 'Curso Java', 70, '19:00', '21:00', NULL, NULL),
(1044, '2014-04-02', NULL, 4, 3, 2, 35, NULL, 'Curso Java', 70, '19:00', '21:00', NULL, NULL),
(1045, '2014-03-11', 1, 2, 4, 2, 18, NULL, NULL, 36, '09:00', '11:00', 32, 23),
(1046, '2014-03-11', 1, 2, 3, 2, 35, NULL, NULL, 70, '17:00', '19:00', 31, 25),
(1047, '2014-03-12', 1, 2, 1, 2, 21, NULL, NULL, 42, '11:00', '13:00', 32, 23),
(1048, '2014-03-13', 1, 2, 4, 2, 18, NULL, NULL, 36, '11:00', '13:00', 32, 23),
(1049, '2014-03-13', 1, 2, 3, 2, 35, NULL, NULL, 70, '17:00', '19:00', 31, 25),
(1050, '2014-03-14', 1, 2, 4, 2, 18, NULL, NULL, 36, '09:00', '11:00', 32, 23),
(1051, '2014-03-14', 1, 2, 3, 2, 35, NULL, NULL, 70, '13:00', '15:00', 17, 11),
(1052, '2014-03-14', 1, 2, 3, 2, 35, NULL, NULL, 70, '17:00', '19:00', 31, 25),
(1053, '2014-03-19', 1, 2, 4, 2, 18, NULL, NULL, 35, '11:00', '13:00', 22, NULL),
(1054, '2014-03-19', 1, 2, 4, 2, 18, NULL, NULL, 36, '17:00', '19:00', 14, 4),
(1057, '2014-03-20', 5, 1, 4, 1, 1, 'S13015662', NULL, 1, '16:00', '17:00', NULL, NULL),
(1058, '2014-03-20', 5, 1, 4, 1, 1, 'S13015663', NULL, 1, '16:00', '17:00', NULL, NULL),
(1059, '2014-03-20', 1, 1, 2, 1, 1, 'S13011260', NULL, 1, '15:00', '16:00', NULL, NULL),
(1060, '2014-03-21', 1, 2, 4, 2, 18, NULL, NULL, 36, '09:00', '11:00', 8, NULL),
(1061, '2014-03-24', 1, 1, 2, 1, 1, 'S12002729', NULL, 1, '09:00', '10:00', NULL, NULL),
(1062, '2014-03-26', 1, 2, 1, 1, 21, NULL, NULL, 42, '11:00', '12:00', 32, 23),
(1063, '2014-03-27', 1, 2, 2, 3, 30, NULL, NULL, 60, '07:00', '10:00', 16, NULL),
(1064, '2014-03-28', 1, 2, 4, 2, 18, NULL, NULL, 36, '09:00', '11:00', 32, NULL),
(1065, '2014-04-01', 1, 2, 3, 1, 35, NULL, NULL, 35, '12:00', '13:00', 14, 4),
(1066, '2014-04-01', 1, 2, 2, 2, 30, NULL, NULL, 60, '15:00', '17:00', 31, 24),
(1067, '2014-04-02', 1, 2, 4, 2, 18, NULL, NULL, 36, '09:00', '11:00', NULL, 6),
(1068, '2014-04-03', 1, 2, 2, 1, 30, NULL, NULL, 30, '19:00', '20:00', 33, 26),
(1069, '2014-04-04', 1, 2, 3, 2, 35, NULL, NULL, 70, '13:00', '15:00', 17, 11),
(1070, '2014-04-07', 1, 2, 2, 2, 30, NULL, NULL, 60, '07:00', '09:00', 29, NULL),
(1071, '2014-04-08', 1, 2, 2, 2, 30, NULL, NULL, 60, '11:00', '13:00', 8, NULL),
(1072, '2014-04-09', 1, 2, 3, 2, 35, NULL, NULL, 70, '17:00', '19:00', 14, 4),
(1073, '2014-04-10', 1, 2, 3, 2, 35, NULL, NULL, 70, '15:00', '17:00', NULL, 7),
(1074, '2014-04-24', 1, 2, 3, 2, 35, NULL, NULL, 70, '15:00', '17:00', NULL, 7),
(1075, '2014-04-24', 1, 2, 3, 2, 35, NULL, NULL, 70, '17:00', '19:00', NULL, 25),
(1076, '2014-04-25', 1, 2, 4, 2, 18, NULL, NULL, 36, '09:00', '11:00', 32, NULL),
(1077, '2014-04-25', 1, 2, 3, 1, 35, NULL, NULL, 30, '12:00', '13:00', 17, NULL),
(1078, '2014-04-25', 1, 2, 3, 2, 35, NULL, NULL, 70, '17:00', '19:00', NULL, 24),
(1079, '2014-04-29', 1, 2, 2, 2, 30, NULL, NULL, 60, '13:00', '15:00', 14, 4),
(1080, '2014-04-29', 1, 2, 3, 2, 35, NULL, NULL, 70, '15:00', '17:00', NULL, 7),
(1081, '2014-04-29', 1, 2, 3, 2, 35, NULL, NULL, 70, '17:00', '19:00', NULL, 25),
(1082, '2014-04-29', 1, 2, 1, 2, 21, NULL, NULL, 42, '19:00', '21:00', NULL, 23),
(1083, '2014-04-30', 1, 2, 1, 2, 21, NULL, NULL, 42, '11:00', '13:00', 32, NULL),
(1084, '2014-05-02', 1, 2, 4, 2, 18, NULL, NULL, 36, '09:00', '11:00', 32, NULL),
(1085, '2014-05-02', 1, 2, 3, 2, 35, NULL, NULL, 70, '13:00', '15:00', 17, NULL),
(1086, '2014-05-06', 1, 2, 4, 2, 18, NULL, NULL, 36, '09:00', '11:00', 20, NULL),
(1087, '2014-05-06', 1, 6, 3, 2, 35, NULL, NULL, 70, '15:00', '17:00', 24, NULL),
(1088, '2014-05-06', 1, 2, 3, 2, 35, NULL, NULL, 70, '17:00', '19:00', NULL, 25),
(1089, '2014-05-06', 1, 6, 2, 2, 30, NULL, NULL, 60, '15:00', '17:00', 24, NULL),
(1090, '2014-05-07', 1, 2, 4, 2, 18, NULL, NULL, 36, '11:00', '13:00', 32, NULL),
(1091, '2014-05-07', 1, 2, 3, 2, 35, NULL, NULL, 70, '13:00', '15:00', 17, NULL),
(1092, '2014-05-07', 1, 2, 2, 3, 30, NULL, NULL, 90, '15:00', '18:00', 12, NULL),
(1093, '2014-05-08', 1, 2, 4, 2, 18, NULL, NULL, 36, '11:00', '13:00', 32, NULL),
(1094, '2014-05-08', 1, 2, 3, 2, 35, NULL, NULL, 70, '15:00', '17:00', NULL, 7),
(1095, '2014-05-09', 1, 2, 4, 2, 18, NULL, NULL, 36, '09:00', '11:00', NULL, 18),
(1096, '2014-05-09', 1, 2, 3, 2, 35, NULL, NULL, 70, '13:00', '15:00', 17, NULL),
(1097, '2014-05-12', 1, 1, 2, 1, 1, 'S13022569', NULL, 1, '12:00', '13:00', NULL, NULL),
(1098, '2014-05-12', 1, 1, 2, 1, 1, 'S13011159', NULL, 1, '11:00', '12:00', NULL, NULL),
(1099, '2014-05-12', 1, 1, 2, 1, 1, 'S13011362', NULL, 1, '11:00', '12:00', NULL, NULL),
(1100, '2014-05-13', 1, 2, 3, 2, 35, NULL, NULL, 70, '17:00', '19:00', NULL, 25),
(1101, '2014-05-19', 1, 2, 2, 2, 30, NULL, NULL, 60, '15:00', '17:00', NULL, 12),
(1102, '2014-05-20', 1, 2, 3, 2, 35, NULL, NULL, 70, '13:00', '15:00', 14, NULL),
(1103, '2014-05-23', 1, 1, 1, 1, 1, 'S12011125', NULL, 1, '12:00', '13:00', NULL, NULL),
(1104, '2014-05-23', 1, 1, 1, 1, 1, 'S12018618', NULL, 1, '12:00', '13:00', NULL, NULL),
(1105, '2014-05-23', 1, 1, 2, 1, 1, 'S12023238', NULL, 1, '11:00', '12:00', NULL, NULL),
(1106, '2014-05-26', 1, 2, 4, 2, 18, NULL, NULL, 36, '09:00', '11:00', 32, NULL),
(1107, '2014-05-26', 1, 1, 4, 1, 1, 'S10017273', NULL, 1, '11:00', '12:00', NULL, NULL),
(1108, '2014-05-26', 1, 1, 2, 1, 1, 'S11012572', NULL, 1, '08:00', '09:00', NULL, NULL),
(1109, '2014-05-26', 1, 1, 2, 1, 1, 'S11012594', NULL, 1, '08:00', '09:00', NULL, NULL),
(1110, '2014-05-26', 1, 1, 2, 1, 1, 'S13016565', NULL, 1, '15:00', '16:00', NULL, NULL),
(1111, '2014-05-26', 1, 1, 2, 1, 1, 'S12022047', NULL, 1, '15:00', '16:00', NULL, NULL),
(1112, '2014-05-27', 1, 1, 4, 1, 1, 'S13011221', NULL, 1, '11:00', '12:00', NULL, NULL),
(1113, '2014-05-27', 1, 1, 4, 1, 1, 'S11012194', NULL, 1, '09:00', '10:00', NULL, NULL),
(1114, '2014-05-27', 1, 1, 4, 1, 1, 'S11012510', NULL, 1, '09:00', '10:00', NULL, NULL),
(1115, '2014-05-27', 1, 1, 4, 1, 1, 'S13011342', NULL, 1, '09:00', '10:00', NULL, NULL),
(1116, '2014-05-27', 1, 1, 4, 1, 1, 'S12002274', NULL, 1, '09:00', '10:00', NULL, NULL),
(1117, '2014-05-27', 1, 1, 4, 1, 1, 'S12011096', NULL, 1, '10:00', '11:00', NULL, NULL),
(1118, '2014-05-27', 1, 2, 3, 2, 30, NULL, NULL, 60, '15:00', '17:00', 24, NULL),
(1119, '2014-05-27', 1, 2, 2, 2, 35, NULL, NULL, 70, '15:00', '17:00', 24, NULL),
(1120, '2014-05-28', 1, 2, 4, 2, 18, NULL, NULL, 36, '11:00', '13:00', 32, NULL),
(1130, '2014-05-29', 1, 1, 4, 1, 1, 'S13022569', NULL, 1, '10:00', '11:00', NULL, NULL),
(1131, '2014-05-29', 1, 1, 4, 1, 1, 'S11011231', NULL, 1, '11:00', '12:00', NULL, NULL),
(1132, '2014-05-29', 1, 1, 3, 1, 1, 'S13011417', NULL, 1, '11:00', '12:00', NULL, NULL),
(1133, '2014-05-29', 1, 1, 3, 1, 1, 'S13011227', NULL, 1, '11:00', '12:00', NULL, NULL),
(1134, '2014-05-29', 1, 1, 3, 1, 1, 'S13018524', NULL, 1, '11:00', '12:00', NULL, NULL),
(1135, '2014-05-29', 1, 1, 2, 1, 1, 'S12023325', NULL, 1, '08:00', '09:00', NULL, NULL),
(1136, '2014-05-29', 1, 1, 2, 1, 1, 'S12011157', NULL, 1, '08:00', '09:00', NULL, NULL),
(1137, '2014-05-29', 1, 1, 2, 1, 1, 'S12022243', NULL, 1, '08:00', '09:00', NULL, NULL),
(1138, '2014-05-29', 1, 1, 2, 1, 1, 'S11012477', NULL, 1, '08:00', '09:00', NULL, NULL);

--
-- Índices para tablas volcadas
--

--
-- Indices de la tabla `docentes`
--
ALTER TABLE `docentes`
 ADD PRIMARY KEY (`id`);

--
-- Indices de la tabla `experiencias_educativas`
--
ALTER TABLE `experiencias_educativas`
 ADD PRIMARY KEY (`id`);

--
-- Indices de la tabla `programas_educativos`
--
ALTER TABLE `programas_educativos`
 ADD PRIMARY KEY (`id`);

--
-- Indices de la tabla `salones`
--
ALTER TABLE `salones`
 ADD PRIMARY KEY (`id`);

--
-- Indices de la tabla `tipo_usos`
--
ALTER TABLE `tipo_usos`
 ADD PRIMARY KEY (`id`);

--
-- Indices de la tabla `usos`
--
ALTER TABLE `usos`
 ADD PRIMARY KEY (`id`), ADD KEY `fk_usos_programas_educativos_idx` (`programas_educativos_id`), ADD KEY `fk_usos_tipo_usos1_idx` (`tipo_usos_id`), ADD KEY `fk_usos_salones1_idx` (`salones_id`), ADD KEY `fk_usos_docentes1_idx` (`docentes_id`), ADD KEY `fk_usos_experiencias_educativas1_idx` (`experiencias_educativas_id`);

--
-- AUTO_INCREMENT de las tablas volcadas
--

--
-- AUTO_INCREMENT de la tabla `docentes`
--
ALTER TABLE `docentes`
MODIFY `id` int(11) NOT NULL AUTO_INCREMENT,AUTO_INCREMENT=34;
--
-- AUTO_INCREMENT de la tabla `experiencias_educativas`
--
ALTER TABLE `experiencias_educativas`
MODIFY `id` int(11) NOT NULL AUTO_INCREMENT,AUTO_INCREMENT=27;
--
-- AUTO_INCREMENT de la tabla `programas_educativos`
--
ALTER TABLE `programas_educativos`
MODIFY `id` int(11) NOT NULL AUTO_INCREMENT,AUTO_INCREMENT=6;
--
-- AUTO_INCREMENT de la tabla `salones`
--
ALTER TABLE `salones`
MODIFY `id` int(11) NOT NULL AUTO_INCREMENT,AUTO_INCREMENT=5;
--
-- AUTO_INCREMENT de la tabla `tipo_usos`
--
ALTER TABLE `tipo_usos`
MODIFY `id` int(11) NOT NULL AUTO_INCREMENT,AUTO_INCREMENT=7;
--
-- AUTO_INCREMENT de la tabla `usos`
--
ALTER TABLE `usos`
MODIFY `id` int(11) NOT NULL AUTO_INCREMENT,AUTO_INCREMENT=1139;
--
-- Restricciones para tablas volcadas
--

--
-- Filtros para la tabla `usos`
--
ALTER TABLE `usos`
ADD CONSTRAINT `fk_usos_docentes1` FOREIGN KEY (`docentes_id`) REFERENCES `docentes` (`id`) ON DELETE NO ACTION ON UPDATE NO ACTION,
ADD CONSTRAINT `fk_usos_experiencias_educativas1` FOREIGN KEY (`experiencias_educativas_id`) REFERENCES `experiencias_educativas` (`id`) ON DELETE NO ACTION ON UPDATE NO ACTION,
ADD CONSTRAINT `fk_usos_programas_educativos` FOREIGN KEY (`programas_educativos_id`) REFERENCES `programas_educativos` (`id`) ON DELETE NO ACTION ON UPDATE NO ACTION,
ADD CONSTRAINT `fk_usos_salones1` FOREIGN KEY (`salones_id`) REFERENCES `salones` (`id`) ON DELETE NO ACTION ON UPDATE NO ACTION,
ADD CONSTRAINT `fk_usos_tipo_usos1` FOREIGN KEY (`tipo_usos_id`) REFERENCES `tipo_usos` (`id`) ON DELETE NO ACTION ON UPDATE NO ACTION;

/*!40101 SET CHARACTER_SET_CLIENT=@OLD_CHARACTER_SET_CLIENT */;
/*!40101 SET CHARACTER_SET_RESULTS=@OLD_CHARACTER_SET_RESULTS */;
/*!40101 SET COLLATION_CONNECTION=@OLD_COLLATION_CONNECTION */;